Dataset,Pooling,Ablation,DNA_Model,Prot_Model,Network,Accuracy,Precision,Recall,Specificity,F1_Score,MCC,AUROC,AUPRC,Val_Accuracy,Val_Precision,Val_Recall,Val_Specificity,Val_F1_Score,Val_MCC,Val_AUROC,Val_AUPRC
Train1Val_Clinvarhq,mean,bio_core_dna_prot_spliceai,nt_v2_500m_dna_2001,esm1b_650m_prot_501,Pure_XGBoost_Concat,0.9417,0.9782,0.9023,0.9803,0.9387,0.8859,0.9887,0.9895,0.9453,0.8638,0.8466,0.9685,0.8551,0.8214,0.9776,0.9228
Train1Val_Clinvarhq,mean,bio_core_dna_prot_spliceai,nt_v2_500m_dna_601,esm1b_650m_prot_501,Pure_XGBoost_Concat,0.9403,0.9842,0.8937,0.9859,0.9367,0.8841,0.9897,0.9901,0.9437,0.8515,0.8535,0.9649,0.8525,0.8177,0.9778,0.9225
Train1Val_Clinvarhq,mean,bio_core_dna_prot_spliceai,nt_v2_500m_dna_601,esm1b_650m_prot_201,Pure_XGBoost_Concat,0.9403,0.9781,0.8994,0.9803,0.9371,0.8832,0.988,0.9894,0.9433,0.8603,0.8389,0.9679,0.8495,0.8147,0.9767,0.9202
Train1Val_Clinvarhq,mean,bio_core_dna_prot_spliceai,nt_v2_500m_dna_10001,esm1b_650m_prot_1001,Pure_XGBoost_Concat,0.9403,0.9781,0.8994,0.9803,0.9371,0.8832,0.9879,0.9884,0.942,0.851,0.8435,0.9652,0.8473,0.8115,0.9773,0.9201
Train1Val_Clinvarhq,mean,bio_core_dna_prot_spliceai,nt_v2_500m_dna_1001,esm1b_650m_prot_201,Pure_XGBoost_Concat,0.9403,0.9752,0.9023,0.9775,0.9373,0.8828,0.9876,0.9886,0.9421,0.8501,0.8458,0.9648,0.8479,0.8122,0.976,0.917
Train1Val_Clinvarhq,mean,bio_core_dna_prot_spliceai,nt_v2_500m_dna_1001,esm1b_650m_prot_1001,Pure_XGBoost_Concat,0.9388,0.9781,0.8966,0.9803,0.9355,0.8806,0.9886,0.9882,0.9418,0.8503,0.8432,0.965,0.8467,0.8108,0.9769,0.9193
Train1Val_Clinvarhq,mean,bio_core_dna_prot_spliceai,nt_v2_500m_dna_601,esm1b_650m_prot_1001,Pure_XGBoost_Concat,0.9374,0.975,0.8966,0.9775,0.9341,0.8775,0.9866,0.9863,0.9425,0.8509,0.847,0.965,0.8489,0.8134,0.9769,0.9171
Train1Val_Clinvarhq,mean,bio_core_dna_prot_spliceai,nt_v2_500m_dna_301,esm1b_650m_prot_501,Pure_XGBoost_Concat,0.936,0.984,0.8851,0.9859,0.9319,0.8762,0.9888,0.9891,0.9435,0.8525,0.8512,0.9653,0.8518,0.8169,0.9773,0.9217
Train1Val_Clinvarhq,mean,bio_core_dna_prot_spliceai,nt_v2_500m_dna_301,esm1b_650m_prot_1001,Pure_XGBoost_Concat,0.936,0.9779,0.8908,0.9803,0.9323,0.8753,0.9879,0.9878,0.9432,0.8558,0.8447,0.9664,0.8502,0.8152,0.9769,0.917
Train1Val_Clinvarhq,mean,bio_core_dna_prot_spliceai,nt_v2_500m_dna_2001,esm1b_650m_prot_1001,Pure_XGBoost_Concat,0.936,0.9779,0.8908,0.9803,0.9323,0.8753,0.9874,0.9876,0.9432,0.8575,0.8424,0.967,0.8499,0.8149,0.9777,0.9206
Train1Val_Clinvarhq,mean,bio_core_dna_prot_spliceai,nt_v2_500m_dna_1001,esm1b_650m_prot_501,Pure_XGBoost_Concat,0.936,0.9749,0.8937,0.9775,0.9325,0.8748,0.9883,0.9889,0.9429,0.8512,0.8493,0.965,0.8502,0.815,0.9773,0.9207
Train1Val_Clinvarhq,mean,bio_core_dna_prot_spliceai,nt_v2_500m_dna_10001,esm1b_650m_prot_501,Pure_XGBoost_Concat,0.936,0.9749,0.8937,0.9775,0.9325,0.8748,0.9889,0.9894,0.9448,0.8587,0.8508,0.967,0.8547,0.8207,0.9781,0.9249
Train1Val_Clinvarhq,mean,bio_core_dna_prot_spliceai,nt_v2_500m_dna_2001,esm1b_650m_prot_201,Pure_XGBoost_Concat,0.9317,0.9747,0.8851,0.9775,0.9277,0.8669,0.9866,0.9873,0.9439,0.8594,0.8439,0.9674,0.8516,0.817,0.9773,0.9216
Train1Val_Clinvarhq,mean,bio_core_dna_prot_spliceai,nt_v2_500m_dna_1001,esm1b_650m_prot_31,Pure_XGBoost_Concat,0.9232,0.9836,0.8592,0.9859,0.9172,0.8529,0.9845,0.9854,0.9318,0.8179,0.8267,0.9566,0.8223,0.7801,0.9689,0.8951
Train1Val_Clinvarhq,mean,bio_core_dna_prot_spliceai,nt_v2_500m_dna_10001,esm1b_650m_prot_201,Pure_XGBoost_Concat,0.9232,0.9742,0.8678,0.9775,0.9179,0.8512,0.9863,0.9869,0.9442,0.8579,0.8477,0.9669,0.8528,0.8184,0.9766,0.9207
Train1Val_Clinvarhq,mean,bio_core_dna_prot_spliceai,nt_v2_500m_dna_2001,esm1b_650m_prot_101,Pure_XGBoost_Concat,0.9218,0.9681,0.8707,0.9718,0.9168,0.8476,0.9847,0.9853,0.9381,0.8415,0.8324,0.963,0.8369,0.7987,0.9745,0.9108
Train1Val_Clinvarhq,mean,bio_core_dna_prot_spliceai,nt_v2_500m_dna_301,esm1b_650m_prot_201,Pure_XGBoost_Concat,0.9203,0.9771,0.8592,0.9803,0.9144,0.8466,0.9879,0.9885,0.9436,0.8608,0.8401,0.968,0.8503,0.8157,0.9768,0.9197
Train1Val_Clinvarhq,mean,bio_core_dna_prot_spliceai,nt_v2_500m_dna_301,esm1b_650m_prot_101,Pure_XGBoost_Concat,0.9203,0.974,0.8621,0.9775,0.9146,0.846,0.9833,0.9843,0.9384,0.8465,0.8271,0.9646,0.8367,0.7988,0.975,0.9137
Train1Val_Clinvarhq,mean,bio_core_dna_prot_spliceai,nt_v2_500m_dna_10001,esm1b_650m_prot_101,Pure_XGBoost_Concat,0.9203,0.971,0.8649,0.9746,0.9149,0.8455,0.9842,0.9848,0.9369,0.8386,0.8286,0.9624,0.8336,0.7946,0.9751,0.9132
Train1Val_Clinvarhq,mean,bio_core_dna_prot_spliceai,nt_v2_500m_dna_1001,esm1b_650m_prot_101,Pure_XGBoost_Concat,0.9161,0.9646,0.8621,0.969,0.9105,0.8366,0.9849,0.9854,0.9381,0.849,0.8217,0.9655,0.8351,0.7972,0.9747,0.9129
Train1Val_Clinvarhq,mean,bio_core_dna_prot_spliceai,nt_v2_500m_dna_601,esm1b_650m_prot_31,Pure_XGBoost_Concat,0.9147,0.9737,0.8506,0.9775,0.908,0.8357,0.9825,0.9834,0.9309,0.8156,0.824,0.9561,0.8198,0.777,0.969,0.8945
Train1Val_Clinvarhq,mean,bio_core_dna_prot_spliceai,nt_v2_500m_dna_301,esm1b_650m_prot_31,Pure_XGBoost_Concat,0.9132,0.9799,0.842,0.9831,0.9057,0.8344,0.9828,0.9835,0.9323,0.8196,0.8271,0.9571,0.8233,0.7814,0.9696,0.8956
Train1Val_Clinvarhq,mean,bio_core_dna_prot_spliceai,nt_v2_500m_dna_601,esm1b_650m_prot_101,Pure_XGBoost_Concat,0.9118,0.9767,0.842,0.9803,0.9043,0.8312,0.9851,0.9855,0.938,0.847,0.8236,0.9649,0.8351,0.7971,0.9753,0.9136
Train1Val_Clinvarhq,mean,bio_core_dna_prot_spliceai,nt_v2_500m_dna_2001,esm1b_650m_prot_31,Pure_XGBoost_Concat,0.9118,0.9735,0.8448,0.9775,0.9046,0.8305,0.9847,0.9852,0.9335,0.8183,0.8374,0.9562,0.8278,0.7866,0.9705,0.898
Train1Val_Clinvarhq,mean,bio_core_dna_prot_spliceai,nt_v2_500m_dna_10001,esm1b_650m_prot_31,Pure_XGBoost_Concat,0.9104,0.9831,0.8333,0.9859,0.902,0.83,0.9845,0.9857,0.9349,0.8345,0.8217,0.9616,0.8281,0.7879,0.9711,0.9007
Train1Val_Proteingym,mean,bio_core_dna_prot_spliceai,nt_v2_500m_dna_2001,esm1b_650m_prot_1001,Pure_XGBoost_Concat,0.8213,0.7491,0.9152,0.7425,0.8238,0.6596,0.9161,0.8885,0.9432,0.8575,0.8424,0.967,0.8499,0.8149,0.9777,0.9206
Train1Val_Proteingym,mean,bio_core_dna_prot_spliceai,nt_v2_500m_dna_1001,esm1b_650m_prot_201,Pure_XGBoost_Concat,0.8186,0.7408,0.9271,0.7275,0.8235,0.6588,0.9164,0.9009,0.9421,0.8501,0.8458,0.9648,0.8479,0.8122,0.976,0.917
Train1Val_Proteingym,mean,bio_core_dna_prot_spliceai,nt_v2_500m_dna_301,esm1b_650m_prot_1001,Pure_XGBoost_Concat,0.8186,0.7467,0.9122,0.74,0.8212,0.6541,0.9112,0.8812,0.9432,0.8558,0.8447,0.9664,0.8502,0.8152,0.9769,0.917
Train1Val_Proteingym,mean,bio_core_dna_prot_spliceai,nt_v2_500m_dna_601,esm1b_650m_prot_1001,Pure_XGBoost_Concat,0.8173,0.7431,0.9167,0.7338,0.8208,0.6532,0.912,0.8856,0.9425,0.8509,0.847,0.965,0.8489,0.8134,0.9769,0.9171
Train1Val_Proteingym,mean,bio_core_dna_prot_spliceai,nt_v2_500m_dna_1001,esm1b_650m_prot_1001,Pure_XGBoost_Concat,0.8159,0.739,0.9226,0.7262,0.8206,0.6528,0.9132,0.8855,0.9418,0.8503,0.8432,0.965,0.8467,0.8108,0.9769,0.9193
Train1Val_Proteingym,mean,bio_core_dna_prot_spliceai,nt_v2_500m_dna_2001,esm1b_650m_prot_101,Pure_XGBoost_Concat,0.8186,0.7497,0.9048,0.7462,0.82,0.6519,0.9157,0.8966,0.9381,0.8415,0.8324,0.963,0.8369,0.7987,0.9745,0.9108
Train1Val_Proteingym,mean,bio_core_dna_prot_spliceai,nt_v2_500m_dna_2001,esm1b_650m_prot_501,Pure_XGBoost_Concat,0.8173,0.7448,0.9122,0.7375,0.8201,0.6518,0.9154,0.8929,0.9453,0.8638,0.8466,0.9685,0.8551,0.8214,0.9776,0.9228
Train1Val_Proteingym,mean,bio_core_dna_prot_spliceai,nt_v2_500m_dna_1001,esm1b_650m_prot_101,Pure_XGBoost_Concat,0.8179,0.7494,0.9033,0.7462,0.8192,0.6504,0.9136,0.8946,0.9381,0.849,0.8217,0.9655,0.8351,0.7972,0.9747,0.9129
Train1Val_Proteingym,mean,bio_core_dna_prot_spliceai,nt_v2_500m_dna_601,esm1b_650m_prot_201,Pure_XGBoost_Concat,0.8152,0.7404,0.9167,0.73,0.8191,0.6498,0.9172,0.897,0.9433,0.8603,0.8389,0.9679,0.8495,0.8147,0.9767,0.9202
Train1Val_Proteingym,mean,bio_core_dna_prot_spliceai,nt_v2_500m_dna_10001,esm1b_650m_prot_201,Pure_XGBoost_Concat,0.8139,0.7375,0.9196,0.725,0.8185,0.6485,0.9152,0.8962,0.9442,0.8579,0.8477,0.9669,0.8528,0.8184,0.9766,0.9207
Train1Val_Proteingym,mean,bio_core_dna_prot_spliceai,nt_v2_500m_dna_301,esm1b_650m_prot_201,Pure_XGBoost_Concat,0.8145,0.7418,0.9107,0.7338,0.8176,0.6468,0.9151,0.8946,0.9436,0.8608,0.8401,0.968,0.8503,0.8157,0.9768,0.9197
Train1Val_Proteingym,mean,bio_core_dna_prot_spliceai,nt_v2_500m_dna_10001,esm1b_650m_prot_501,Pure_XGBoost_Concat,0.8132,0.7389,0.9137,0.7288,0.817,0.6454,0.9143,0.8895,0.9448,0.8587,0.8508,0.967,0.8547,0.8207,0.9781,0.9249
Train1Val_Proteingym,mean,bio_core_dna_prot_spliceai,nt_v2_500m_dna_301,esm1b_650m_prot_101,Pure_XGBoost_Concat,0.8145,0.7442,0.9048,0.7388,0.8167,0.645,0.9149,0.8979,0.9384,0.8465,0.8271,0.9646,0.8367,0.7988,0.975,0.9137
Train1Val_Proteingym,mean,bio_core_dna_prot_spliceai,nt_v2_500m_dna_2001,esm1b_650m_prot_201,Pure_XGBoost_Concat,0.8132,0.7406,0.9092,0.7325,0.8163,0.644,0.9154,0.8992,0.9439,0.8594,0.8439,0.9674,0.8516,0.817,0.9773,0.9216
Train1Val_Proteingym,mean,bio_core_dna_prot_spliceai,nt_v2_500m_dna_601,esm1b_650m_prot_501,Pure_XGBoost_Concat,0.8105,0.7331,0.9196,0.7188,0.8158,0.6428,0.9134,0.8846,0.9437,0.8515,0.8535,0.9649,0.8525,0.8177,0.9778,0.9225
Train1Val_Proteingym,mean,bio_core_dna_prot_spliceai,nt_v2_500m_dna_10001,esm1b_650m_prot_1001,Pure_XGBoost_Concat,0.8111,0.7362,0.9137,0.725,0.8154,0.642,0.9109,0.8756,0.942,0.851,0.8435,0.9652,0.8473,0.8115,0.9773,0.9201
Train1Val_Proteingym,mean,bio_core_dna_prot_spliceai,nt_v2_500m_dna_601,esm1b_650m_prot_101,Pure_XGBoost_Concat,0.8111,0.7414,0.9003,0.7362,0.8132,0.6379,0.9126,0.8931,0.938,0.847,0.8236,0.9649,0.8351,0.7971,0.9753,0.9136
Train1Val_Proteingym,mean,bio_core_dna_prot_spliceai,nt_v2_500m_dna_301,esm1b_650m_prot_501,Pure_XGBoost_Concat,0.8064,0.7295,0.9152,0.715,0.8119,0.6345,0.9103,0.8843,0.9435,0.8525,0.8512,0.9653,0.8518,0.8169,0.9773,0.9217
Train1Val_Proteingym,mean,bio_core_dna_prot_spliceai,nt_v2_500m_dna_10001,esm1b_650m_prot_101,Pure_XGBoost_Concat,0.8077,0.7375,0.8988,0.7312,0.8102,0.6317,0.9113,0.8925,0.9369,0.8386,0.8286,0.9624,0.8336,0.7946,0.9751,0.9132
Train1Val_Proteingym,mean,bio_core_dna_prot_spliceai,nt_v2_500m_dna_1001,esm1b_650m_prot_501,Pure_XGBoost_Concat,0.805,0.7294,0.9107,0.7163,0.8101,0.6308,0.913,0.8916,0.9429,0.8512,0.8493,0.965,0.8502,0.815,0.9773,0.9207
Train1Val_Proteingym,mean,bio_core_dna_prot_spliceai,nt_v2_500m_dna_10001,esm1b_650m_prot_31,Pure_XGBoost_Concat,0.7976,0.7275,0.8899,0.72,0.8005,0.6118,0.8969,0.8747,0.9349,0.8345,0.8217,0.9616,0.8281,0.7879,0.9711,0.9007
Train1Val_Proteingym,mean,bio_core_dna_prot_spliceai,nt_v2_500m_dna_2001,esm1b_650m_prot_31,Pure_XGBoost_Concat,0.7874,0.7095,0.9048,0.6888,0.7953,0.5994,0.8989,0.8786,0.9335,0.8183,0.8374,0.9562,0.8278,0.7866,0.9705,0.898
Train1Val_Proteingym,mean,bio_core_dna_prot_spliceai,nt_v2_500m_dna_1001,esm1b_650m_prot_31,Pure_XGBoost_Concat,0.7887,0.7136,0.8973,0.6975,0.795,0.5992,0.8997,0.8838,0.9318,0.8179,0.8267,0.9566,0.8223,0.7801,0.9689,0.8951
Train1Val_Proteingym,mean,bio_core_dna_prot_spliceai,nt_v2_500m_dna_301,esm1b_650m_prot_31,Pure_XGBoost_Concat,0.7867,0.7121,0.8943,0.6962,0.7929,0.5948,0.8992,0.8814,0.9323,0.8196,0.8271,0.9571,0.8233,0.7814,0.9696,0.8956
Train1Val_Proteingym,mean,bio_core_dna_prot_spliceai,nt_v2_500m_dna_601,esm1b_650m_prot_31,Pure_XGBoost_Concat,0.7826,0.7075,0.8929,0.69,0.7895,0.5875,0.8945,0.8754,0.9309,0.8156,0.824,0.9561,0.8198,0.777,0.969,0.8945
Train1Val_Test,mean,bio_core_dna_prot_spliceai,nt_v2_500m_dna_1001,esm1b_650m_prot_1001,Pure_XGBoost_Concat,0.9339,0.8862,0.8685,0.9583,0.8772,0.8321,0.974,0.9361,0.9418,0.8503,0.8432,0.965,0.8467,0.8108,0.9769,0.9193
Train1Val_Test,mean,bio_core_dna_prot_spliceai,nt_v2_500m_dna_601,esm1b_650m_prot_1001,Pure_XGBoost_Concat,0.9322,0.8821,0.8667,0.9567,0.8744,0.828,0.9724,0.9369,0.9425,0.8509,0.847,0.965,0.8489,0.8134,0.9769,0.9171
Train1Val_Test,mean,bio_core_dna_prot_spliceai,nt_v2_500m_dna_301,esm1b_650m_prot_1001,Pure_XGBoost_Concat,0.9321,0.8844,0.8631,0.9579,0.8736,0.8273,0.9733,0.9376,0.9432,0.8558,0.8447,0.9664,0.8502,0.8152,0.9769,0.917
Train1Val_Test,mean,bio_core_dna_prot_spliceai,nt_v2_500m_dna_10001,esm1b_650m_prot_1001,Pure_XGBoost_Concat,0.9319,0.882,0.8655,0.9567,0.8737,0.8271,0.9736,0.9356,0.942,0.851,0.8435,0.9652,0.8473,0.8115,0.9773,0.9201
Train1Val_Test,mean,bio_core_dna_prot_spliceai,nt_v2_500m_dna_2001,esm1b_650m_prot_1001,Pure_XGBoost_Concat,0.9316,0.8876,0.8571,0.9594,0.872,0.8256,0.974,0.9371,0.9432,0.8575,0.8424,0.967,0.8499,0.8149,0.9777,0.9206
Train1Val_Test,mean,bio_core_dna_prot_spliceai,nt_v2_500m_dna_1001,esm1b_650m_prot_501,Pure_XGBoost_Concat,0.9309,0.8788,0.8655,0.9554,0.8721,0.8248,0.9744,0.9384,0.9429,0.8512,0.8493,0.965,0.8502,0.815,0.9773,0.9207
Train1Val_Test,mean,bio_core_dna_prot_spliceai,nt_v2_500m_dna_2001,esm1b_650m_prot_501,Pure_XGBoost_Concat,0.9301,0.8798,0.8607,0.9561,0.8701,0.8224,0.9737,0.9362,0.9453,0.8638,0.8466,0.9685,0.8551,0.8214,0.9776,0.9228
Train1Val_Test,mean,bio_core_dna_prot_spliceai,nt_v2_500m_dna_601,esm1b_650m_prot_501,Pure_XGBoost_Concat,0.9293,0.8716,0.8679,0.9522,0.8697,0.8212,0.974,0.9378,0.9437,0.8515,0.8535,0.9649,0.8525,0.8177,0.9778,0.9225
Train1Val_Test,mean,bio_core_dna_prot_spliceai,nt_v2_500m_dna_601,esm1b_650m_prot_201,Pure_XGBoost_Concat,0.9291,0.8846,0.8504,0.9585,0.8672,0.8191,0.973,0.9388,0.9433,0.8603,0.8389,0.9679,0.8495,0.8147,0.9767,0.9202
Train1Val_Test,mean,bio_core_dna_prot_spliceai,nt_v2_500m_dna_301,esm1b_650m_prot_501,Pure_XGBoost_Concat,0.9281,0.8688,0.8667,0.9511,0.8678,0.8184,0.9733,0.9349,0.9435,0.8525,0.8512,0.9653,0.8518,0.8169,0.9773,0.9217
Train1Val_Test,mean,bio_core_dna_prot_spliceai,nt_v2_500m_dna_1001,esm1b_650m_prot_201,Pure_XGBoost_Concat,0.9283,0.8729,0.8619,0.9531,0.8674,0.8183,0.9728,0.9382,0.9421,0.8501,0.8458,0.9648,0.8479,0.8122,0.976,0.917
Train1Val_Test,mean,bio_core_dna_prot_spliceai,nt_v2_500m_dna_10001,esm1b_650m_prot_501,Pure_XGBoost_Concat,0.9281,0.8738,0.8601,0.9536,0.8669,0.8177,0.974,0.9359,0.9448,0.8587,0.8508,0.967,0.8547,0.8207,0.9781,0.9249
Train1Val_Test,mean,bio_core_dna_prot_spliceai,nt_v2_500m_dna_10001,esm1b_650m_prot_201,Pure_XGBoost_Concat,0.9281,0.8752,0.8583,0.9542,0.8666,0.8175,0.9727,0.9365,0.9442,0.8579,0.8477,0.9669,0.8528,0.8184,0.9766,0.9207
Train1Val_Test,mean,bio_core_dna_prot_spliceai,nt_v2_500m_dna_1001,esm1b_650m_prot_101,Pure_XGBoost_Concat,0.9272,0.8808,0.8468,0.9572,0.8635,0.8141,0.9703,0.9336,0.9381,0.849,0.8217,0.9655,0.8351,0.7972,0.9747,0.9129
Train1Val_Test,mean,bio_core_dna_prot_spliceai,nt_v2_500m_dna_2001,esm1b_650m_prot_201,Pure_XGBoost_Concat,0.9268,0.8778,0.8492,0.9558,0.8633,0.8135,0.9729,0.9357,0.9439,0.8594,0.8439,0.9674,0.8516,0.817,0.9773,0.9216
Train1Val_Test,mean,bio_core_dna_prot_spliceai,nt_v2_500m_dna_601,esm1b_650m_prot_101,Pure_XGBoost_Concat,0.9268,0.8821,0.8438,0.9579,0.8625,0.8131,0.9701,0.9352,0.938,0.847,0.8236,0.9649,0.8351,0.7971,0.9753,0.9136
Train1Val_Test,mean,bio_core_dna_prot_spliceai,nt_v2_500m_dna_10001,esm1b_650m_prot_101,Pure_XGBoost_Concat,0.9263,0.8757,0.8498,0.9549,0.8626,0.8124,0.9695,0.9305,0.9369,0.8386,0.8286,0.9624,0.8336,0.7946,0.9751,0.9132
Train1Val_Test,mean,bio_core_dna_prot_spliceai,nt_v2_500m_dna_301,esm1b_650m_prot_201,Pure_XGBoost_Concat,0.9263,0.8771,0.848,0.9556,0.8623,0.8123,0.9735,0.9394,0.9436,0.8608,0.8401,0.968,0.8503,0.8157,0.9768,0.9197
Train1Val_Test,mean,bio_core_dna_prot_spliceai,nt_v2_500m_dna_2001,esm1b_650m_prot_101,Pure_XGBoost_Concat,0.9253,0.8706,0.8522,0.9527,0.8613,0.8103,0.9697,0.9317,0.9381,0.8415,0.8324,0.963,0.8369,0.7987,0.9745,0.9108
Train1Val_Test,mean,bio_core_dna_prot_spliceai,nt_v2_500m_dna_301,esm1b_650m_prot_101,Pure_XGBoost_Concat,0.9247,0.8773,0.8408,0.9561,0.8586,0.8077,0.9702,0.9325,0.9384,0.8465,0.8271,0.9646,0.8367,0.7988,0.975,0.9137
Train1Val_Test,mean,bio_core_dna_prot_spliceai,nt_v2_500m_dna_10001,esm1b_650m_prot_31,Pure_XGBoost_Concat,0.9165,0.8575,0.8311,0.9484,0.8441,0.7873,0.9644,0.9179,0.9349,0.8345,0.8217,0.9616,0.8281,0.7879,0.9711,0.9007
Train1Val_Test,mean,bio_core_dna_prot_spliceai,nt_v2_500m_dna_601,esm1b_650m_prot_31,Pure_XGBoost_Concat,0.9147,0.847,0.8378,0.9434,0.8423,0.7839,0.9634,0.9177,0.9309,0.8156,0.824,0.9561,0.8198,0.777,0.969,0.8945
Train1Val_Test,mean,bio_core_dna_prot_spliceai,nt_v2_500m_dna_1001,esm1b_650m_prot_31,Pure_XGBoost_Concat,0.9145,0.8503,0.8323,0.9452,0.8412,0.7828,0.9635,0.9176,0.9318,0.8179,0.8267,0.9566,0.8223,0.7801,0.9689,0.8951
Train1Val_Test,mean,bio_core_dna_prot_spliceai,nt_v2_500m_dna_2001,esm1b_650m_prot_31,Pure_XGBoost_Concat,0.9132,0.8415,0.839,0.941,0.8402,0.7807,0.9632,0.916,0.9335,0.8183,0.8374,0.9562,0.8278,0.7866,0.9705,0.898
Train1Val_Test,mean,bio_core_dna_prot_spliceai,nt_v2_500m_dna_301,esm1b_650m_prot_31,Pure_XGBoost_Concat,0.9132,0.8513,0.8251,0.9461,0.838,0.7789,0.9629,0.9169,0.9323,0.8196,0.8271,0.9571,0.8233,0.7814,0.9696,0.8956
Train1Val_Uniprot,mean,bio_core_dna_prot_spliceai,nt_v2_500m_dna_2001,esm1b_650m_prot_501,Pure_XGBoost_Concat,0.7502,0.7496,0.7485,0.7519,0.7491,0.5004,0.8012,0.7767,0.9453,0.8638,0.8466,0.9685,0.8551,0.8214,0.9776,0.9228
Train1Val_Uniprot,mean,bio_core_dna_prot_spliceai,nt_v2_500m_dna_10001,esm1b_650m_prot_501,Pure_XGBoost_Concat,0.7487,0.7437,0.756,0.7414,0.7498,0.4975,0.804,0.781,0.9448,0.8587,0.8508,0.967,0.8547,0.8207,0.9781,0.9249
Train1Val_Uniprot,mean,bio_core_dna_prot_spliceai,nt_v2_500m_dna_1001,esm1b_650m_prot_201,Pure_XGBoost_Concat,0.7464,0.7426,0.7515,0.7414,0.747,0.4929,0.8026,0.779,0.9421,0.8501,0.8458,0.9648,0.8479,0.8122,0.976,0.917
Train1Val_Uniprot,mean,bio_core_dna_prot_spliceai,nt_v2_500m_dna_601,esm1b_650m_prot_501,Pure_XGBoost_Concat,0.7457,0.7415,0.7515,0.7399,0.7464,0.4914,0.804,0.7868,0.9437,0.8515,0.8535,0.9649,0.8525,0.8177,0.9778,0.9225
Train1Val_Uniprot,mean,bio_core_dna_prot_spliceai,nt_v2_500m_dna_1001,esm1b_650m_prot_501,Pure_XGBoost_Concat,0.7442,0.7386,0.753,0.7354,0.7457,0.4885,0.8029,0.7827,0.9429,0.8512,0.8493,0.965,0.8502,0.815,0.9773,0.9207
Train1Val_Uniprot,mean,bio_core_dna_prot_spliceai,nt_v2_500m_dna_10001,esm1b_650m_prot_1001,Pure_XGBoost_Concat,0.7427,0.7364,0.753,0.7324,0.7446,0.4855,0.8,0.7786,0.942,0.851,0.8435,0.9652,0.8473,0.8115,0.9773,0.9201
Train1Val_Uniprot,mean,bio_core_dna_prot_spliceai,nt_v2_500m_dna_601,esm1b_650m_prot_201,Pure_XGBoost_Concat,0.7419,0.7417,0.7395,0.7444,0.7406,0.4839,0.8001,0.7799,0.9433,0.8603,0.8389,0.9679,0.8495,0.8147,0.9767,0.9202
Train1Val_Uniprot,mean,bio_core_dna_prot_spliceai,nt_v2_500m_dna_601,esm1b_650m_prot_101,Pure_XGBoost_Concat,0.7412,0.7435,0.7334,0.7489,0.7384,0.4824,0.7985,0.773,0.938,0.847,0.8236,0.9649,0.8351,0.7971,0.9753,0.9136
Train1Val_Uniprot,mean,bio_core_dna_prot_spliceai,nt_v2_500m_dna_301,esm1b_650m_prot_501,Pure_XGBoost_Concat,0.7397,0.7341,0.7485,0.7309,0.7412,0.4795,0.801,0.7818,0.9435,0.8525,0.8512,0.9653,0.8518,0.8169,0.9773,0.9217
Train1Val_Uniprot,mean,bio_core_dna_prot_spliceai,nt_v2_500m_dna_10001,esm1b_650m_prot_201,Pure_XGBoost_Concat,0.7389,0.7324,0.75,0.728,0.7411,0.478,0.8011,0.7828,0.9442,0.8579,0.8477,0.9669,0.8528,0.8184,0.9766,0.9207
Train1Val_Uniprot,mean,bio_core_dna_prot_spliceai,nt_v2_500m_dna_2001,esm1b_650m_prot_1001,Pure_XGBoost_Concat,0.7382,0.7368,0.738,0.7384,0.7374,0.4764,0.7966,0.7725,0.9432,0.8575,0.8424,0.967,0.8499,0.8149,0.9777,0.9206
Train1Val_Uniprot,mean,bio_core_dna_prot_spliceai,nt_v2_500m_dna_601,esm1b_650m_prot_1001,Pure_XGBoost_Concat,0.7367,0.7312,0.7455,0.728,0.7383,0.4735,0.796,0.7741,0.9425,0.8509,0.847,0.965,0.8489,0.8134,0.9769,0.9171
Train1Val_Uniprot,mean,bio_core_dna_prot_spliceai,nt_v2_500m_dna_301,esm1b_650m_prot_201,Pure_XGBoost_Concat,0.7367,0.736,0.7349,0.7384,0.7355,0.4734,0.8013,0.7753,0.9436,0.8608,0.8401,0.968,0.8503,0.8157,0.9768,0.9197
Train1Val_Uniprot,mean,bio_core_dna_prot_spliceai,nt_v2_500m_dna_1001,esm1b_650m_prot_1001,Pure_XGBoost_Concat,0.7337,0.7262,0.747,0.7205,0.7365,0.4676,0.7976,0.7787,0.9418,0.8503,0.8432,0.965,0.8467,0.8108,0.9769,0.9193
Train1Val_Uniprot,mean,bio_core_dna_prot_spliceai,nt_v2_500m_dna_2001,esm1b_650m_prot_201,Pure_XGBoost_Concat,0.7337,0.7373,0.7229,0.7444,0.73,0.4674,0.8039,0.7813,0.9439,0.8594,0.8439,0.9674,0.8516,0.817,0.9773,0.9216
Train1Val_Uniprot,mean,bio_core_dna_prot_spliceai,nt_v2_500m_dna_301,esm1b_650m_prot_1001,Pure_XGBoost_Concat,0.7322,0.7301,0.7334,0.7309,0.7318,0.4644,0.796,0.7696,0.9432,0.8558,0.8447,0.9664,0.8502,0.8152,0.9769,0.917
Train1Val_Uniprot,mean,bio_core_dna_prot_spliceai,nt_v2_500m_dna_2001,esm1b_650m_prot_101,Pure_XGBoost_Concat,0.7322,0.7315,0.7304,0.7339,0.731,0.4644,0.7934,0.7672,0.9381,0.8415,0.8324,0.963,0.8369,0.7987,0.9745,0.9108
Train1Val_Uniprot,mean,bio_core_dna_prot_spliceai,nt_v2_500m_dna_301,esm1b_650m_prot_101,Pure_XGBoost_Concat,0.7314,0.7318,0.7274,0.7354,0.7296,0.4629,0.7929,0.7687,0.9384,0.8465,0.8271,0.9646,0.8367,0.7988,0.975,0.9137
Train1Val_Uniprot,mean,bio_core_dna_prot_spliceai,nt_v2_500m_dna_1001,esm1b_650m_prot_101,Pure_XGBoost_Concat,0.7314,0.7361,0.7184,0.7444,0.7271,0.4629,0.7946,0.7684,0.9381,0.849,0.8217,0.9655,0.8351,0.7972,0.9747,0.9129
Train1Val_Uniprot,mean,bio_core_dna_prot_spliceai,nt_v2_500m_dna_10001,esm1b_650m_prot_101,Pure_XGBoost_Concat,0.7269,0.7308,0.7154,0.7384,0.723,0.4539,0.7955,0.7691,0.9369,0.8386,0.8286,0.9624,0.8336,0.7946,0.9751,0.9132
Train1Val_Uniprot,mean,bio_core_dna_prot_spliceai,nt_v2_500m_dna_601,esm1b_650m_prot_31,Pure_XGBoost_Concat,0.7217,0.7237,0.7139,0.7294,0.7187,0.4434,0.7823,0.7639,0.9309,0.8156,0.824,0.9561,0.8198,0.777,0.969,0.8945
Train1Val_Uniprot,mean,bio_core_dna_prot_spliceai,nt_v2_500m_dna_1001,esm1b_650m_prot_31,Pure_XGBoost_Concat,0.7149,0.7165,0.7078,0.722,0.7121,0.4299,0.7792,0.7614,0.9318,0.8179,0.8267,0.9566,0.8223,0.7801,0.9689,0.8951
Train1Val_Uniprot,mean,bio_core_dna_prot_spliceai,nt_v2_500m_dna_2001,esm1b_650m_prot_31,Pure_XGBoost_Concat,0.7127,0.7139,0.7063,0.719,0.7101,0.4253,0.78,0.7583,0.9335,0.8183,0.8374,0.9562,0.8278,0.7866,0.9705,0.898
Train1Val_Uniprot,mean,bio_core_dna_prot_spliceai,nt_v2_500m_dna_301,esm1b_650m_prot_31,Pure_XGBoost_Concat,0.7112,0.717,0.6943,0.728,0.7054,0.4225,0.7783,0.7543,0.9323,0.8196,0.8271,0.9571,0.8233,0.7814,0.9696,0.8956
Train1Val_Uniprot,mean,bio_core_dna_prot_spliceai,nt_v2_500m_dna_10001,esm1b_650m_prot_31,Pure_XGBoost_Concat,0.7097,0.7161,0.6913,0.728,0.7034,0.4195,0.7792,0.7616,0.9349,0.8345,0.8217,0.9616,0.8281,0.7879,0.9711,0.9007
Train2Val_Clinvarhq,mean,bio_core_dna_prot_spliceai,nt_v2_500m_dna_10001,esm1b_650m_prot_1001,Pure_XGBoost_Concat,0.9374,0.978,0.8937,0.9803,0.9339,0.8779,0.9864,0.9865,0.9423,0.8476,0.8508,0.9639,0.8492,0.8135,0.9753,0.9158
Train2Val_Clinvarhq,mean,bio_core_dna_prot_spliceai,nt_v2_500m_dna_301,esm1b_650m_prot_1001,Pure_XGBoost_Concat,0.936,0.9779,0.8908,0.9803,0.9323,0.8753,0.9868,0.9872,0.9409,0.843,0.8481,0.9627,0.8455,0.809,0.976,0.9163
Train2Val_Clinvarhq,mean,bio_core_dna_prot_spliceai,nt_v2_500m_dna_2001,esm1b_650m_prot_1001,Pure_XGBoost_Concat,0.9346,0.9778,0.8879,0.9803,0.9307,0.8726,0.9858,0.9862,0.9404,0.8457,0.8409,0.9638,0.8433,0.8065,0.9756,0.9133
Train2Val_Clinvarhq,mean,bio_core_dna_prot_spliceai,nt_v2_500m_dna_1001,esm1b_650m_prot_1001,Pure_XGBoost_Concat,0.9346,0.9748,0.8908,0.9775,0.9309,0.8722,0.9893,0.9894,0.9414,0.846,0.847,0.9637,0.8465,0.8103,0.9756,0.9142
Train2Val_Clinvarhq,mean,bio_core_dna_prot_spliceai,nt_v2_500m_dna_10001,esm1b_650m_prot_501,Pure_XGBoost_Concat,0.9331,0.9748,0.8879,0.9775,0.9293,0.8696,0.9888,0.9897,0.9429,0.8592,0.8378,0.9676,0.8483,0.8132,0.9766,0.9198
Train2Val_Clinvarhq,mean,bio_core_dna_prot_spliceai,nt_v2_500m_dna_301,esm1b_650m_prot_501,Pure_XGBoost_Concat,0.9303,0.9776,0.8793,0.9803,0.9259,0.8648,0.9885,0.9894,0.9422,0.8548,0.8397,0.9664,0.8472,0.8116,0.9766,0.918
Train2Val_Clinvarhq,mean,bio_core_dna_prot_spliceai,nt_v2_500m_dna_1001,esm1b_650m_prot_501,Pure_XGBoost_Concat,0.9303,0.9746,0.8822,0.9775,0.9261,0.8643,0.9874,0.9878,0.9437,0.8621,0.8393,0.9683,0.8506,0.816,0.9765,0.9198
Train2Val_Clinvarhq,mean,bio_core_dna_prot_spliceai,nt_v2_500m_dna_601,esm1b_650m_prot_501,Pure_XGBoost_Concat,0.9303,0.9716,0.8851,0.9746,0.9263,0.8638,0.9867,0.9873,0.9423,0.8534,0.842,0.9659,0.8477,0.8121,0.9761,0.9177
Train2Val_Clinvarhq,mean,bio_core_dna_prot_spliceai,nt_v2_500m_dna_601,esm1b_650m_prot_1001,Pure_XGBoost_Concat,0.9289,0.9776,0.8764,0.9803,0.9242,0.8621,0.986,0.9864,0.9401,0.8418,0.8447,0.9626,0.8432,0.8062,0.9754,0.9123
Train2Val_Clinvarhq,mean,bio_core_dna_prot_spliceai,nt_v2_500m_dna_2001,esm1b_650m_prot_501,Pure_XGBoost_Concat,0.9246,0.9683,0.8764,0.9718,0.9201,0.8528,0.9879,0.9883,0.943,0.8596,0.8382,0.9677,0.8487,0.8137,0.9765,0.9175
Train2Val_Clinvarhq,mean,bio_core_dna_prot_spliceai,nt_v2_500m_dna_601,esm1b_650m_prot_201,Pure_XGBoost_Concat,0.9232,0.9804,0.8621,0.9831,0.9174,0.8523,0.9853,0.9864,0.9433,0.8696,0.8267,0.9708,0.8476,0.8132,0.9763,0.9194
Train2Val_Clinvarhq,mean,bio_core_dna_prot_spliceai,nt_v2_500m_dna_10001,esm1b_650m_prot_201,Pure_XGBoost_Concat,0.9189,0.9709,0.8621,0.9746,0.9132,0.8429,0.9868,0.9875,0.944,0.8701,0.8305,0.9708,0.8499,0.8158,0.9761,0.9207
Train2Val_Clinvarhq,mean,bio_core_dna_prot_spliceai,nt_v2_500m_dna_1001,esm1b_650m_prot_31,Pure_XGBoost_Concat,0.9175,0.9833,0.8477,0.9859,0.9105,0.8427,0.9852,0.9861,0.9298,0.8179,0.8129,0.9573,0.8154,0.7721,0.9686,0.8916
Train2Val_Clinvarhq,mean,bio_core_dna_prot_spliceai,nt_v2_500m_dna_301,esm1b_650m_prot_31,Pure_XGBoost_Concat,0.9147,0.9865,0.8391,0.9887,0.9068,0.8383,0.9855,0.9869,0.9326,0.8281,0.8164,0.96,0.8222,0.7807,0.9685,0.8942
Train2Val_Clinvarhq,mean,bio_core_dna_prot_spliceai,nt_v2_500m_dna_2001,esm1b_650m_prot_31,Pure_XGBoost_Concat,0.9147,0.9865,0.8391,0.9887,0.9068,0.8383,0.9842,0.9853,0.9309,0.8252,0.8091,0.9596,0.8171,0.7745,0.9694,0.8957
Train2Val_Clinvarhq,mean,bio_core_dna_prot_spliceai,nt_v2_500m_dna_1001,esm1b_650m_prot_201,Pure_XGBoost_Concat,0.9161,0.9676,0.8592,0.9718,0.9102,0.8371,0.9853,0.9857,0.9434,0.8667,0.8309,0.9699,0.8484,0.8139,0.9762,0.9181
Train2Val_Clinvarhq,mean,bio_core_dna_prot_spliceai,nt_v2_500m_dna_1001,esm1b_650m_prot_101,Pure_XGBoost_Concat,0.9147,0.9706,0.8534,0.9746,0.9083,0.8351,0.9826,0.9833,0.9367,0.8509,0.8103,0.9665,0.8301,0.7916,0.9729,0.9089
Train2Val_Clinvarhq,mean,bio_core_dna_prot_spliceai,nt_v2_500m_dna_301,esm1b_650m_prot_201,Pure_XGBoost_Concat,0.9132,0.9767,0.8448,0.9803,0.906,0.8337,0.9864,0.9868,0.9431,0.8663,0.8301,0.9698,0.8478,0.8132,0.9754,0.9183
Train2Val_Clinvarhq,mean,bio_core_dna_prot_spliceai,nt_v2_500m_dna_601,esm1b_650m_prot_31,Pure_XGBoost_Concat,0.9132,0.9736,0.8477,0.9775,0.9063,0.8331,0.982,0.9829,0.9298,0.8182,0.8125,0.9574,0.8154,0.772,0.968,0.8916
Train2Val_Clinvarhq,mean,bio_core_dna_prot_spliceai,nt_v2_500m_dna_2001,esm1b_650m_prot_201,Pure_XGBoost_Concat,0.9132,0.9705,0.8506,0.9746,0.9066,0.8325,0.9855,0.9862,0.9434,0.8691,0.8282,0.9706,0.8482,0.8138,0.976,0.9193
Train2Val_Clinvarhq,mean,bio_core_dna_prot_spliceai,nt_v2_500m_dna_2001,esm1b_650m_prot_101,Pure_XGBoost_Concat,0.9118,0.9799,0.8391,0.9831,0.904,0.8318,0.9833,0.9839,0.9388,0.854,0.8191,0.967,0.8362,0.7988,0.973,0.9078
Train2Val_Clinvarhq,mean,bio_core_dna_prot_spliceai,nt_v2_500m_dna_10001,esm1b_650m_prot_101,Pure_XGBoost_Concat,0.9118,0.9735,0.8448,0.9775,0.9046,0.8305,0.9828,0.9836,0.9372,0.8461,0.8202,0.9648,0.8329,0.7945,0.9731,0.9091
Train2Val_Clinvarhq,mean,bio_core_dna_prot_spliceai,nt_v2_500m_dna_601,esm1b_650m_prot_101,Pure_XGBoost_Concat,0.9118,0.9673,0.8506,0.9718,0.9052,0.8293,0.9824,0.9829,0.9363,0.8486,0.8106,0.9659,0.8292,0.7904,0.9729,0.9074
Train2Val_Clinvarhq,mean,bio_core_dna_prot_spliceai,nt_v2_500m_dna_10001,esm1b_650m_prot_31,Pure_XGBoost_Concat,0.9075,0.9863,0.8247,0.9887,0.8983,0.8257,0.9865,0.987,0.9318,0.831,0.8068,0.9613,0.8187,0.7769,0.969,0.8964
Train2Val_Clinvarhq,mean,bio_core_dna_prot_spliceai,nt_v2_500m_dna_301,esm1b_650m_prot_101,Pure_XGBoost_Concat,0.9075,0.9732,0.8362,0.9775,0.8995,0.8229,0.9825,0.9828,0.9375,0.8524,0.8133,0.9668,0.8324,0.7944,0.9724,0.9072
Train2Val_Proteingym,mean,bio_core_dna_prot_spliceai,nt_v2_500m_dna_10001,esm1b_650m_prot_501,Pure_XGBoost_Concat,0.822,0.7518,0.9107,0.7475,0.8237,0.6594,0.9096,0.8784,0.9429,0.8592,0.8378,0.9676,0.8483,0.8132,0.9766,0.9198
Train2Val_Proteingym,mean,bio_core_dna_prot_spliceai,nt_v2_500m_dna_301,esm1b_650m_prot_501,Pure_XGBoost_Concat,0.82,0.7473,0.9152,0.74,0.8227,0.6573,0.9111,0.8904,0.9422,0.8548,0.8397,0.9664,0.8472,0.8116,0.9766,0.918
Train2Val_Proteingym,mean,bio_core_dna_prot_spliceai,nt_v2_500m_dna_2001,esm1b_650m_prot_201,Pure_XGBoost_Concat,0.8213,0.7559,0.8988,0.7562,0.8212,0.655,0.9129,0.8975,0.9434,0.8691,0.8282,0.9706,0.8482,0.8138,0.976,0.9193
Train2Val_Proteingym,mean,bio_core_dna_prot_spliceai,nt_v2_500m_dna_2001,esm1b_650m_prot_101,Pure_XGBoost_Concat,0.8213,0.7566,0.8973,0.7575,0.821,0.6546,0.9094,0.8837,0.9388,0.854,0.8191,0.967,0.8362,0.7988,0.973,0.9078
Train2Val_Proteingym,mean,bio_core_dna_prot_spliceai,nt_v2_500m_dna_2001,esm1b_650m_prot_501,Pure_XGBoost_Concat,0.8193,0.7488,0.9092,0.7438,0.8212,0.6544,0.9108,0.8908,0.943,0.8596,0.8382,0.9677,0.8487,0.8137,0.9765,0.9175
Train2Val_Proteingym,mean,bio_core_dna_prot_spliceai,nt_v2_500m_dna_1001,esm1b_650m_prot_201,Pure_XGBoost_Concat,0.8179,0.7519,0.8973,0.7512,0.8182,0.6487,0.913,0.8982,0.9434,0.8667,0.8309,0.9699,0.8484,0.8139,0.9762,0.9181
Train2Val_Proteingym,mean,bio_core_dna_prot_spliceai,nt_v2_500m_dna_1001,esm1b_650m_prot_1001,Pure_XGBoost_Concat,0.8145,0.7407,0.9137,0.7312,0.8181,0.6477,0.9087,0.8874,0.9414,0.846,0.847,0.9637,0.8465,0.8103,0.9756,0.9142
Train2Val_Proteingym,mean,bio_core_dna_prot_spliceai,nt_v2_500m_dna_301,esm1b_650m_prot_201,Pure_XGBoost_Concat,0.8166,0.7506,0.8958,0.75,0.8168,0.646,0.9096,0.8909,0.9431,0.8663,0.8301,0.9698,0.8478,0.8132,0.9754,0.9183
Train2Val_Proteingym,mean,bio_core_dna_prot_spliceai,nt_v2_500m_dna_601,esm1b_650m_prot_201,Pure_XGBoost_Concat,0.8159,0.7478,0.9003,0.745,0.817,0.646,0.9128,0.8978,0.9433,0.8696,0.8267,0.9708,0.8476,0.8132,0.9763,0.9194
Train2Val_Proteingym,mean,bio_core_dna_prot_spliceai,nt_v2_500m_dna_601,esm1b_650m_prot_501,Pure_XGBoost_Concat,0.8139,0.7421,0.9077,0.735,0.8166,0.6447,0.9093,0.8808,0.9423,0.8534,0.842,0.9659,0.8477,0.8121,0.9761,0.9177
Train2Val_Proteingym,mean,bio_core_dna_prot_spliceai,nt_v2_500m_dna_1001,esm1b_650m_prot_501,Pure_XGBoost_Concat,0.8139,0.7421,0.9077,0.735,0.8166,0.6447,0.9108,0.8926,0.9437,0.8621,0.8393,0.9683,0.8506,0.816,0.9765,0.9198
Train2Val_Proteingym,mean,bio_core_dna_prot_spliceai,nt_v2_500m_dna_301,esm1b_650m_prot_101,Pure_XGBoost_Concat,0.8166,0.7538,0.8884,0.7562,0.8156,0.6441,0.9086,0.8893,0.9375,0.8524,0.8133,0.9668,0.8324,0.7944,0.9724,0.9072
Train2Val_Proteingym,mean,bio_core_dna_prot_spliceai,nt_v2_500m_dna_10001,esm1b_650m_prot_201,Pure_XGBoost_Concat,0.8139,0.7445,0.9018,0.74,0.8156,0.643,0.9107,0.891,0.944,0.8701,0.8305,0.9708,0.8499,0.8158,0.9761,0.9207
Train2Val_Proteingym,mean,bio_core_dna_prot_spliceai,nt_v2_500m_dna_301,esm1b_650m_prot_1001,Pure_XGBoost_Concat,0.8118,0.7388,0.9092,0.73,0.8152,0.6417,0.906,0.883,0.9409,0.843,0.8481,0.9627,0.8455,0.809,0.976,0.9163
Train2Val_Proteingym,mean,bio_core_dna_prot_spliceai,nt_v2_500m_dna_1001,esm1b_650m_prot_101,Pure_XGBoost_Concat,0.8139,0.7475,0.8943,0.7462,0.8144,0.6409,0.9079,0.886,0.9367,0.8509,0.8103,0.9665,0.8301,0.7916,0.9729,0.9089
Train2Val_Proteingym,mean,bio_core_dna_prot_spliceai,nt_v2_500m_dna_2001,esm1b_650m_prot_1001,Pure_XGBoost_Concat,0.8105,0.7382,0.9062,0.73,0.8136,0.6385,0.9079,0.884,0.9404,0.8457,0.8409,0.9638,0.8433,0.8065,0.9756,0.9133
Train2Val_Proteingym,mean,bio_core_dna_prot_spliceai,nt_v2_500m_dna_10001,esm1b_650m_prot_101,Pure_XGBoost_Concat,0.8105,0.7441,0.8914,0.7425,0.8111,0.6343,0.9104,0.8898,0.9372,0.8461,0.8202,0.9648,0.8329,0.7945,0.9731,0.9091
Train2Val_Proteingym,mean,bio_core_dna_prot_spliceai,nt_v2_500m_dna_601,esm1b_650m_prot_1001,Pure_XGBoost_Concat,0.8071,0.7321,0.9107,0.72,0.8117,0.6342,0.9114,0.8925,0.9401,0.8418,0.8447,0.9626,0.8432,0.8062,0.9754,0.9123
Train2Val_Proteingym,mean,bio_core_dna_prot_spliceai,nt_v2_500m_dna_601,esm1b_650m_prot_101,Pure_XGBoost_Concat,0.8091,0.7441,0.8869,0.7438,0.8092,0.6307,0.9082,0.8856,0.9363,0.8486,0.8106,0.9659,0.8292,0.7904,0.9729,0.9074
Train2Val_Proteingym,mean,bio_core_dna_prot_spliceai,nt_v2_500m_dna_10001,esm1b_650m_prot_1001,Pure_XGBoost_Concat,0.8023,0.7281,0.9048,0.7163,0.8069,0.6243,0.906,0.8862,0.9423,0.8476,0.8508,0.9639,0.8492,0.8135,0.9753,0.9158
Train2Val_Proteingym,mean,bio_core_dna_prot_spliceai,nt_v2_500m_dna_2001,esm1b_650m_prot_31,Pure_XGBoost_Concat,0.7989,0.7293,0.8899,0.7225,0.8016,0.6141,0.8955,0.8763,0.9309,0.8252,0.8091,0.9596,0.8171,0.7745,0.9694,0.8957
Train2Val_Proteingym,mean,bio_core_dna_prot_spliceai,nt_v2_500m_dna_10001,esm1b_650m_prot_31,Pure_XGBoost_Concat,0.7928,0.7219,0.8884,0.7125,0.7965,0.6032,0.8946,0.877,0.9318,0.831,0.8068,0.9613,0.8187,0.7769,0.969,0.8964
Train2Val_Proteingym,mean,bio_core_dna_prot_spliceai,nt_v2_500m_dna_301,esm1b_650m_prot_31,Pure_XGBoost_Concat,0.7846,0.7106,0.8914,0.695,0.7908,0.5904,0.894,0.88,0.9326,0.8281,0.8164,0.96,0.8222,0.7807,0.9685,0.8942
Train2Val_Proteingym,mean,bio_core_dna_prot_spliceai,nt_v2_500m_dna_601,esm1b_650m_prot_31,Pure_XGBoost_Concat,0.7826,0.71,0.8854,0.6962,0.7881,0.5851,0.8958,0.8812,0.9298,0.8182,0.8125,0.9574,0.8154,0.772,0.968,0.8916
Train2Val_Proteingym,mean,bio_core_dna_prot_spliceai,nt_v2_500m_dna_1001,esm1b_650m_prot_31,Pure_XGBoost_Concat,0.7799,0.7047,0.8914,0.6862,0.7871,0.5825,0.8962,0.8781,0.9298,0.8179,0.8129,0.9573,0.8154,0.7721,0.9686,0.8916
Train2Val_Test,mean,bio_core_dna_prot_spliceai,nt_v2_500m_dna_10001,esm1b_650m_prot_501,Pure_XGBoost_Concat,0.9345,0.8932,0.8625,0.9615,0.8776,0.8331,0.9733,0.9377,0.9429,0.8592,0.8378,0.9676,0.8483,0.8132,0.9766,0.9198
Train2Val_Test,mean,bio_core_dna_prot_spliceai,nt_v2_500m_dna_1001,esm1b_650m_prot_501,Pure_XGBoost_Concat,0.9321,0.8897,0.8565,0.9603,0.8728,0.8267,0.9728,0.9349,0.9437,0.8621,0.8393,0.9683,0.8506,0.816,0.9765,0.9198
Train2Val_Test,mean,bio_core_dna_prot_spliceai,nt_v2_500m_dna_601,esm1b_650m_prot_501,Pure_XGBoost_Concat,0.9308,0.8829,0.8595,0.9574,0.871,0.8239,0.9727,0.9368,0.9423,0.8534,0.842,0.9659,0.8477,0.8121,0.9761,0.9177
Train2Val_Test,mean,bio_core_dna_prot_spliceai,nt_v2_500m_dna_2001,esm1b_650m_prot_501,Pure_XGBoost_Concat,0.9308,0.8848,0.8571,0.9583,0.8707,0.8236,0.9734,0.9376,0.943,0.8596,0.8382,0.9677,0.8487,0.8137,0.9765,0.9175
Train2Val_Test,mean,bio_core_dna_prot_spliceai,nt_v2_500m_dna_601,esm1b_650m_prot_201,Pure_XGBoost_Concat,0.9309,0.8922,0.8486,0.9617,0.8699,0.8234,0.9718,0.936,0.9433,0.8696,0.8267,0.9708,0.8476,0.8132,0.9763,0.9194
Train2Val_Test,mean,bio_core_dna_prot_spliceai,nt_v2_500m_dna_301,esm1b_650m_prot_501,Pure_XGBoost_Concat,0.9306,0.8843,0.8571,0.9581,0.8704,0.8233,0.9726,0.9365,0.9422,0.8548,0.8397,0.9664,0.8472,0.8116,0.9766,0.918
Train2Val_Test,mean,bio_core_dna_prot_spliceai,nt_v2_500m_dna_2001,esm1b_650m_prot_1001,Pure_XGBoost_Concat,0.929,0.8769,0.8595,0.9549,0.8681,0.8196,0.9702,0.9315,0.9404,0.8457,0.8409,0.9638,0.8433,0.8065,0.9756,0.9133
Train2Val_Test,mean,bio_core_dna_prot_spliceai,nt_v2_500m_dna_601,esm1b_650m_prot_1001,Pure_XGBoost_Concat,0.9275,0.8716,0.8601,0.9527,0.8658,0.8162,0.9701,0.9323,0.9401,0.8418,0.8447,0.9626,0.8432,0.8062,0.9754,0.9123
Train2Val_Test,mean,bio_core_dna_prot_spliceai,nt_v2_500m_dna_2001,esm1b_650m_prot_201,Pure_XGBoost_Concat,0.9283,0.8921,0.8378,0.9621,0.8641,0.8162,0.9709,0.9347,0.9434,0.8691,0.8282,0.9706,0.8482,0.8138,0.976,0.9193
Train2Val_Test,mean,bio_core_dna_prot_spliceai,nt_v2_500m_dna_1001,esm1b_650m_prot_201,Pure_XGBoost_Concat,0.9281,0.8875,0.8426,0.9601,0.8645,0.8161,0.9709,0.9359,0.9434,0.8667,0.8309,0.9699,0.8484,0.8139,0.9762,0.9181
Train2Val_Test,mean,bio_core_dna_prot_spliceai,nt_v2_500m_dna_601,esm1b_650m_prot_101,Pure_XGBoost_Concat,0.928,0.889,0.8402,0.9608,0.8639,0.8156,0.9673,0.9313,0.9363,0.8486,0.8106,0.9659,0.8292,0.7904,0.9729,0.9074
Train2Val_Test,mean,bio_core_dna_prot_spliceai,nt_v2_500m_dna_10001,esm1b_650m_prot_1001,Pure_XGBoost_Concat,0.927,0.87,0.8601,0.952,0.865,0.815,0.9703,0.9327,0.9423,0.8476,0.8508,0.9639,0.8492,0.8135,0.9753,0.9158
Train2Val_Test,mean,bio_core_dna_prot_spliceai,nt_v2_500m_dna_301,esm1b_650m_prot_1001,Pure_XGBoost_Concat,0.927,0.8719,0.8577,0.9529,0.8647,0.8148,0.9706,0.9345,0.9409,0.843,0.8481,0.9627,0.8455,0.809,0.976,0.9163
Train2Val_Test,mean,bio_core_dna_prot_spliceai,nt_v2_500m_dna_2001,esm1b_650m_prot_101,Pure_XGBoost_Concat,0.9275,0.8897,0.8372,0.9612,0.8626,0.8141,0.9679,0.9306,0.9388,0.854,0.8191,0.967,0.8362,0.7988,0.973,0.9078
Train2Val_Test,mean,bio_core_dna_prot_spliceai,nt_v2_500m_dna_10001,esm1b_650m_prot_201,Pure_XGBoost_Concat,0.927,0.8851,0.8408,0.9592,0.8624,0.8132,0.972,0.9374,0.944,0.8701,0.8305,0.9708,0.8499,0.8158,0.9761,0.9207
Train2Val_Test,mean,bio_core_dna_prot_spliceai,nt_v2_500m_dna_1001,esm1b_650m_prot_1001,Pure_XGBoost_Concat,0.9257,0.8672,0.8583,0.9509,0.8627,0.8118,0.9703,0.931,0.9414,0.846,0.847,0.9637,0.8465,0.8103,0.9756,0.9142
Train2Val_Test,mean,bio_core_dna_prot_spliceai,nt_v2_500m_dna_301,esm1b_650m_prot_201,Pure_XGBoost_Concat,0.9263,0.8877,0.8347,0.9606,0.8604,0.8112,0.971,0.9352,0.9431,0.8663,0.8301,0.9698,0.8478,0.8132,0.9754,0.9183
Train2Val_Test,mean,bio_core_dna_prot_spliceai,nt_v2_500m_dna_1001,esm1b_650m_prot_101,Pure_XGBoost_Concat,0.9262,0.8862,0.8359,0.9599,0.8603,0.8109,0.9678,0.9306,0.9367,0.8509,0.8103,0.9665,0.8301,0.7916,0.9729,0.9089
Train2Val_Test,mean,bio_core_dna_prot_spliceai,nt_v2_500m_dna_10001,esm1b_650m_prot_101,Pure_XGBoost_Concat,0.9249,0.8831,0.8341,0.9588,0.8579,0.8075,0.968,0.9311,0.9372,0.8461,0.8202,0.9648,0.8329,0.7945,0.9731,0.9091
Train2Val_Test,mean,bio_core_dna_prot_spliceai,nt_v2_500m_dna_301,esm1b_650m_prot_101,Pure_XGBoost_Concat,0.9249,0.8846,0.8323,0.9594,0.8577,0.8074,0.9682,0.932,0.9375,0.8524,0.8133,0.9668,0.8324,0.7944,0.9724,0.9072
Train2Val_Test,mean,bio_core_dna_prot_spliceai,nt_v2_500m_dna_1001,esm1b_650m_prot_31,Pure_XGBoost_Concat,0.9119,0.8536,0.816,0.9477,0.8344,0.7748,0.9603,0.9109,0.9298,0.8179,0.8129,0.9573,0.8154,0.7721,0.9686,0.8916
Train2Val_Test,mean,bio_core_dna_prot_spliceai,nt_v2_500m_dna_10001,esm1b_650m_prot_31,Pure_XGBoost_Concat,0.9116,0.8557,0.8118,0.9488,0.8332,0.7736,0.9615,0.9156,0.9318,0.831,0.8068,0.9613,0.8187,0.7769,0.969,0.8964
Train2Val_Test,mean,bio_core_dna_prot_spliceai,nt_v2_500m_dna_601,esm1b_650m_prot_31,Pure_XGBoost_Concat,0.9101,0.8473,0.8166,0.945,0.8317,0.7706,0.9614,0.9149,0.9298,0.8182,0.8125,0.9574,0.8154,0.772,0.968,0.8916
Train2Val_Test,mean,bio_core_dna_prot_spliceai,nt_v2_500m_dna_301,esm1b_650m_prot_31,Pure_XGBoost_Concat,0.9103,0.8531,0.8094,0.9479,0.8307,0.7702,0.9614,0.9147,0.9326,0.8281,0.8164,0.96,0.8222,0.7807,0.9685,0.8942
Train2Val_Test,mean,bio_core_dna_prot_spliceai,nt_v2_500m_dna_2001,esm1b_650m_prot_31,Pure_XGBoost_Concat,0.9083,0.8489,0.8064,0.9464,0.8271,0.7652,0.9597,0.9121,0.9309,0.8252,0.8091,0.9596,0.8171,0.7745,0.9694,0.8957
Train2Val_Uniprot,mean,bio_core_dna_prot_spliceai,nt_v2_500m_dna_10001,esm1b_650m_prot_501,Pure_XGBoost_Concat,0.7442,0.7365,0.7575,0.7309,0.7468,0.4886,0.7967,0.7736,0.9429,0.8592,0.8378,0.9676,0.8483,0.8132,0.9766,0.9198
Train2Val_Uniprot,mean,bio_core_dna_prot_spliceai,nt_v2_500m_dna_1001,esm1b_650m_prot_101,Pure_XGBoost_Concat,0.7412,0.7552,0.7108,0.7713,0.7324,0.4831,0.7929,0.774,0.9367,0.8509,0.8103,0.9665,0.8301,0.7916,0.9729,0.9089
Train2Val_Uniprot,mean,bio_core_dna_prot_spliceai,nt_v2_500m_dna_601,esm1b_650m_prot_501,Pure_XGBoost_Concat,0.7382,0.7368,0.738,0.7384,0.7374,0.4764,0.797,0.7781,0.9423,0.8534,0.842,0.9659,0.8477,0.8121,0.9761,0.9177
Train2Val_Uniprot,mean,bio_core_dna_prot_spliceai,nt_v2_500m_dna_2001,esm1b_650m_prot_101,Pure_XGBoost_Concat,0.7367,0.7504,0.7063,0.7668,0.7277,0.4741,0.7932,0.7706,0.9388,0.854,0.8191,0.967,0.8362,0.7988,0.973,0.9078
Train2Val_Uniprot,mean,bio_core_dna_prot_spliceai,nt_v2_500m_dna_601,esm1b_650m_prot_101,Pure_XGBoost_Concat,0.7367,0.7472,0.7123,0.7608,0.7294,0.4738,0.7915,0.7695,0.9363,0.8486,0.8106,0.9659,0.8292,0.7904,0.9729,0.9074
Train2Val_Uniprot,mean,bio_core_dna_prot_spliceai,nt_v2_500m_dna_1001,esm1b_650m_prot_501,Pure_XGBoost_Concat,0.7367,0.7332,0.741,0.7324,0.7371,0.4734,0.7955,0.7742,0.9437,0.8621,0.8393,0.9683,0.8506,0.816,0.9765,0.9198
Train2Val_Uniprot,mean,bio_core_dna_prot_spliceai,nt_v2_500m_dna_1001,esm1b_650m_prot_201,Pure_XGBoost_Concat,0.7352,0.7426,0.7169,0.7534,0.7295,0.4706,0.7901,0.7713,0.9434,0.8667,0.8309,0.9699,0.8484,0.8139,0.9762,0.9181
Train2Val_Uniprot,mean,bio_core_dna_prot_spliceai,nt_v2_500m_dna_301,esm1b_650m_prot_501,Pure_XGBoost_Concat,0.7352,0.7311,0.741,0.7294,0.736,0.4704,0.7944,0.7761,0.9422,0.8548,0.8397,0.9664,0.8472,0.8116,0.9766,0.918
Train2Val_Uniprot,mean,bio_core_dna_prot_spliceai,nt_v2_500m_dna_301,esm1b_650m_prot_101,Pure_XGBoost_Concat,0.7344,0.7468,0.7063,0.7623,0.726,0.4694,0.7904,0.7727,0.9375,0.8524,0.8133,0.9668,0.8324,0.7944,0.9724,0.9072
Train2Val_Uniprot,mean,bio_core_dna_prot_spliceai,nt_v2_500m_dna_2001,esm1b_650m_prot_501,Pure_XGBoost_Concat,0.7329,0.7278,0.741,0.725,0.7343,0.466,0.7942,0.7741,0.943,0.8596,0.8382,0.9677,0.8487,0.8137,0.9765,0.9175
Train2Val_Uniprot,mean,bio_core_dna_prot_spliceai,nt_v2_500m_dna_10001,esm1b_650m_prot_201,Pure_XGBoost_Concat,0.7329,0.7384,0.7184,0.7474,0.7282,0.466,0.7939,0.774,0.944,0.8701,0.8305,0.9708,0.8499,0.8158,0.9761,0.9207
Train2Val_Uniprot,mean,bio_core_dna_prot_spliceai,nt_v2_500m_dna_2001,esm1b_650m_prot_1001,Pure_XGBoost_Concat,0.7322,0.7261,0.7425,0.722,0.7342,0.4645,0.7887,0.7655,0.9404,0.8457,0.8409,0.9638,0.8433,0.8065,0.9756,0.9133
Train2Val_Uniprot,mean,bio_core_dna_prot_spliceai,nt_v2_500m_dna_301,esm1b_650m_prot_201,Pure_XGBoost_Concat,0.7314,0.7383,0.7139,0.7489,0.7259,0.463,0.7922,0.7747,0.9431,0.8663,0.8301,0.9698,0.8478,0.8132,0.9754,0.9183
Train2Val_Uniprot,mean,bio_core_dna_prot_spliceai,nt_v2_500m_dna_10001,esm1b_650m_prot_1001,Pure_XGBoost_Concat,0.7292,0.7192,0.7485,0.71,0.7336,0.4588,0.7851,0.7634,0.9423,0.8476,0.8508,0.9639,0.8492,0.8135,0.9753,0.9158
Train2Val_Uniprot,mean,bio_core_dna_prot_spliceai,nt_v2_500m_dna_10001,esm1b_650m_prot_101,Pure_XGBoost_Concat,0.7284,0.7389,0.7033,0.7534,0.7207,0.4573,0.7915,0.7716,0.9372,0.8461,0.8202,0.9648,0.8329,0.7945,0.9731,0.9091
Train2Val_Uniprot,mean,bio_core_dna_prot_spliceai,nt_v2_500m_dna_301,esm1b_650m_prot_1001,Pure_XGBoost_Concat,0.7284,0.7214,0.741,0.716,0.7311,0.4571,0.7898,0.7709,0.9409,0.843,0.8481,0.9627,0.8455,0.809,0.976,0.9163
Train2Val_Uniprot,mean,bio_core_dna_prot_spliceai,nt_v2_500m_dna_601,esm1b_650m_prot_1001,Pure_XGBoost_Concat,0.7284,0.7234,0.7364,0.7205,0.7299,0.457,0.7836,0.7582,0.9401,0.8418,0.8447,0.9626,0.8432,0.8062,0.9754,0.9123
Train2Val_Uniprot,mean,bio_core_dna_prot_spliceai,nt_v2_500m_dna_601,esm1b_650m_prot_201,Pure_XGBoost_Concat,0.7277,0.7326,0.7139,0.7414,0.7231,0.4555,0.7916,0.7665,0.9433,0.8696,0.8267,0.9708,0.8476,0.8132,0.9763,0.9194
Train2Val_Uniprot,mean,bio_core_dna_prot_spliceai,nt_v2_500m_dna_2001,esm1b_650m_prot_201,Pure_XGBoost_Concat,0.7269,0.7358,0.7048,0.7489,0.72,0.4542,0.7907,0.7754,0.9434,0.8691,0.8282,0.9706,0.8482,0.8138,0.976,0.9193
Train2Val_Uniprot,mean,bio_core_dna_prot_spliceai,nt_v2_500m_dna_1001,esm1b_650m_prot_1001,Pure_XGBoost_Concat,0.7262,0.7208,0.7349,0.7175,0.7278,0.4525,0.787,0.7707,0.9414,0.846,0.847,0.9637,0.8465,0.8103,0.9756,0.9142
Train2Val_Uniprot,mean,bio_core_dna_prot_spliceai,nt_v2_500m_dna_1001,esm1b_650m_prot_31,Pure_XGBoost_Concat,0.7149,0.7276,0.6837,0.7459,0.705,0.4305,0.7721,0.754,0.9298,0.8179,0.8129,0.9573,0.8154,0.7721,0.9686,0.8916
Train2Val_Uniprot,mean,bio_core_dna_prot_spliceai,nt_v2_500m_dna_601,esm1b_650m_prot_31,Pure_XGBoost_Concat,0.7067,0.7136,0.6867,0.7265,0.6999,0.4136,0.7689,0.7522,0.9298,0.8182,0.8125,0.9574,0.8154,0.772,0.968,0.8916
Train2Val_Uniprot,mean,bio_core_dna_prot_spliceai,nt_v2_500m_dna_301,esm1b_650m_prot_31,Pure_XGBoost_Concat,0.7037,0.7152,0.6732,0.7339,0.6936,0.4079,0.7663,0.7521,0.9326,0.8281,0.8164,0.96,0.8222,0.7807,0.9685,0.8942
Train2Val_Uniprot,mean,bio_core_dna_prot_spliceai,nt_v2_500m_dna_2001,esm1b_650m_prot_31,Pure_XGBoost_Concat,0.6977,0.7075,0.6702,0.725,0.6883,0.3958,0.7671,0.7467,0.9309,0.8252,0.8091,0.9596,0.8171,0.7745,0.9694,0.8957
Train2Val_Uniprot,mean,bio_core_dna_prot_spliceai,nt_v2_500m_dna_10001,esm1b_650m_prot_31,Pure_XGBoost_Concat,0.6947,0.703,0.6702,0.719,0.6862,0.3897,0.7674,0.7541,0.9318,0.831,0.8068,0.9613,0.8187,0.7769,0.969,0.8964
Train3Val_Clinvarhq,mean,bio_core_dna_prot_spliceai,nt_v2_500m_dna_2001,esm1b_650m_prot_101,Pure_XGBoost_Concat,0.9459,0.9669,0.9224,0.969,0.9441,0.8928,0.989,0.99,0.9174,0.7358,0.8845,0.9251,0.8033,0.7567,0.9688,0.8954
Train3Val_Clinvarhq,mean,bio_core_dna_prot_spliceai,nt_v2_500m_dna_601,esm1b_650m_prot_101,Pure_XGBoost_Concat,0.9445,0.9725,0.9138,0.9746,0.9422,0.8906,0.9876,0.9884,0.9191,0.7403,0.8868,0.9267,0.807,0.7612,0.9687,0.8958
Train3Val_Clinvarhq,mean,bio_core_dna_prot_spliceai,nt_v2_500m_dna_2001,esm1b_650m_prot_201,Pure_XGBoost_Concat,0.9417,0.9666,0.9138,0.969,0.9394,0.8846,0.9886,0.989,0.9218,0.7499,0.8856,0.9304,0.8121,0.7674,0.9704,0.8993
Train3Val_Clinvarhq,mean,bio_core_dna_prot_spliceai,nt_v2_500m_dna_2001,esm1b_650m_prot_501,Pure_XGBoost_Concat,0.9403,0.9527,0.9253,0.9549,0.9388,0.8808,0.9875,0.9876,0.9234,0.7517,0.894,0.9304,0.8167,0.7734,0.9712,0.8986
Train3Val_Clinvarhq,mean,bio_core_dna_prot_spliceai,nt_v2_500m_dna_301,esm1b_650m_prot_1001,Pure_XGBoost_Concat,0.9388,0.9664,0.908,0.969,0.9363,0.8792,0.9885,0.9892,0.9227,0.7502,0.8917,0.93,0.8149,0.7711,0.97,0.8979
Train3Val_Clinvarhq,mean,bio_core_dna_prot_spliceai,nt_v2_500m_dna_601,esm1b_650m_prot_501,Pure_XGBoost_Concat,0.9388,0.9446,0.931,0.9465,0.9378,0.8777,0.9863,0.9855,0.9227,0.752,0.8875,0.931,0.8142,0.77,0.9712,0.9011
Train3Val_Clinvarhq,mean,bio_core_dna_prot_spliceai,nt_v2_500m_dna_601,esm1b_650m_prot_201,Pure_XGBoost_Concat,0.9374,0.9578,0.9138,0.9606,0.9353,0.8757,0.987,0.9864,0.922,0.7493,0.8883,0.9299,0.8129,0.7685,0.9707,0.9017
Train3Val_Clinvarhq,mean,bio_core_dna_prot_spliceai,nt_v2_500m_dna_1001,esm1b_650m_prot_201,Pure_XGBoost_Concat,0.9374,0.9578,0.9138,0.9606,0.9353,0.8757,0.9874,0.9872,0.9204,0.7453,0.8856,0.9287,0.8094,0.7641,0.9701,0.8994
Train3Val_Clinvarhq,mean,bio_core_dna_prot_spliceai,nt_v2_500m_dna_301,esm1b_650m_prot_501,Pure_XGBoost_Concat,0.9374,0.9497,0.9224,0.9521,0.9359,0.8751,0.9862,0.9855,0.9239,0.7539,0.8929,0.9313,0.8175,0.7743,0.9708,0.8972
Train3Val_Clinvarhq,mean,bio_core_dna_prot_spliceai,nt_v2_500m_dna_301,esm1b_650m_prot_201,Pure_XGBoost_Concat,0.936,0.9633,0.9052,0.9662,0.9333,0.8735,0.9875,0.986,0.9215,0.7502,0.8822,0.9307,0.8108,0.7657,0.9697,0.8977
Train3Val_Clinvarhq,mean,bio_core_dna_prot_spliceai,nt_v2_500m_dna_301,esm1b_650m_prot_101,Pure_XGBoost_Concat,0.936,0.955,0.9138,0.9577,0.9339,0.8727,0.9873,0.988,0.9167,0.7345,0.8826,0.9248,0.8017,0.7547,0.9682,0.8939
Train3Val_Clinvarhq,mean,bio_core_dna_prot_spliceai,nt_v2_500m_dna_10001,esm1b_650m_prot_1001,Pure_XGBoost_Concat,0.936,0.955,0.9138,0.9577,0.9339,0.8727,0.987,0.9873,0.9244,0.7537,0.8967,0.9309,0.819,0.7763,0.9713,0.9008
Train3Val_Clinvarhq,mean,bio_core_dna_prot_spliceai,nt_v2_500m_dna_1001,esm1b_650m_prot_501,Pure_XGBoost_Concat,0.936,0.9496,0.9195,0.9521,0.9343,0.8724,0.9847,0.9837,0.9232,0.751,0.894,0.9301,0.8163,0.7729,0.9714,0.9024
Train3Val_Clinvarhq,mean,bio_core_dna_prot_spliceai,nt_v2_500m_dna_1001,esm1b_650m_prot_1001,Pure_XGBoost_Concat,0.936,0.9469,0.9224,0.9493,0.9345,0.8722,0.988,0.9888,0.9234,0.7508,0.8956,0.9299,0.8168,0.7736,0.9711,0.899
Train3Val_Clinvarhq,mean,bio_core_dna_prot_spliceai,nt_v2_500m_dna_10001,esm1b_650m_prot_101,Pure_XGBoost_Concat,0.9346,0.966,0.8994,0.969,0.9315,0.8711,0.9855,0.9861,0.9188,0.742,0.8803,0.9278,0.8052,0.7588,0.9684,0.8961
Train3Val_Clinvarhq,mean,bio_core_dna_prot_spliceai,nt_v2_500m_dna_10001,esm1b_650m_prot_501,Pure_XGBoost_Concat,0.9346,0.9467,0.9195,0.9493,0.9329,0.8694,0.9852,0.9854,0.9245,0.7556,0.8929,0.9319,0.8185,0.7755,0.9709,0.9003
Train3Val_Clinvarhq,mean,bio_core_dna_prot_spliceai,nt_v2_500m_dna_601,esm1b_650m_prot_1001,Pure_XGBoost_Concat,0.9331,0.9493,0.9138,0.9521,0.9312,0.8668,0.9861,0.987,0.9221,0.7466,0.8959,0.9283,0.8145,0.7708,0.9706,0.8997
Train3Val_Clinvarhq,mean,bio_core_dna_prot_spliceai,nt_v2_500m_dna_10001,esm1b_650m_prot_201,Pure_XGBoost_Concat,0.9331,0.9493,0.9138,0.9521,0.9312,0.8668,0.9879,0.9885,0.9245,0.7578,0.8883,0.9331,0.8179,0.7745,0.9707,0.9015
Train3Val_Clinvarhq,mean,bio_core_dna_prot_spliceai,nt_v2_500m_dna_2001,esm1b_650m_prot_1001,Pure_XGBoost_Concat,0.9317,0.963,0.8966,0.9662,0.9286,0.8654,0.985,0.9858,0.9237,0.7548,0.8891,0.9319,0.8164,0.7728,0.9706,0.8992
Train3Val_Clinvarhq,mean,bio_core_dna_prot_spliceai,nt_v2_500m_dna_1001,esm1b_650m_prot_101,Pure_XGBoost_Concat,0.9246,0.9403,0.9052,0.9437,0.9224,0.8497,0.9867,0.9876,0.918,0.7382,0.8833,0.9261,0.8042,0.7577,0.9685,0.8938
Train3Val_Clinvarhq,mean,bio_core_dna_prot_spliceai,nt_v2_500m_dna_1001,esm1b_650m_prot_31,Pure_XGBoost_Concat,0.9232,0.9482,0.8937,0.9521,0.9201,0.8476,0.981,0.9819,0.9114,0.7181,0.8818,0.9184,0.7916,0.7423,0.9635,0.8774
Train3Val_Clinvarhq,mean,bio_core_dna_prot_spliceai,nt_v2_500m_dna_2001,esm1b_650m_prot_31,Pure_XGBoost_Concat,0.9218,0.9564,0.8822,0.9606,0.9178,0.8459,0.9826,0.9834,0.9107,0.7154,0.8829,0.9172,0.7904,0.741,0.9635,0.8798
Train3Val_Clinvarhq,mean,bio_core_dna_prot_spliceai,nt_v2_500m_dna_601,esm1b_650m_prot_31,Pure_XGBoost_Concat,0.9175,0.9475,0.8822,0.9521,0.9137,0.8368,0.9811,0.9823,0.9094,0.7114,0.8837,0.9155,0.7883,0.7385,0.9637,0.8787
Train3Val_Clinvarhq,mean,bio_core_dna_prot_spliceai,nt_v2_500m_dna_10001,esm1b_650m_prot_31,Pure_XGBoost_Concat,0.9175,0.9475,0.8822,0.9521,0.9137,0.8368,0.9796,0.9805,0.9116,0.7186,0.8822,0.9186,0.792,0.7429,0.9641,0.8794
Train3Val_Clinvarhq,mean,bio_core_dna_prot_spliceai,nt_v2_500m_dna_301,esm1b_650m_prot_31,Pure_XGBoost_Concat,0.9161,0.9502,0.8764,0.9549,0.9118,0.8345,0.9819,0.9828,0.9099,0.713,0.8837,0.9161,0.7892,0.7396,0.9632,0.8768
Train3Val_Proteingym,mean,bio_core_dna_prot_spliceai,nt_v2_500m_dna_601,esm1b_650m_prot_501,Pure_XGBoost_Concat,0.769,0.6758,0.9494,0.6175,0.7896,0.5888,0.9009,0.8741,0.9227,0.752,0.8875,0.931,0.8142,0.77,0.9712,0.9011
Train3Val_Proteingym,mean,bio_core_dna_prot_spliceai,nt_v2_500m_dna_601,esm1b_650m_prot_1001,Pure_XGBoost_Concat,0.769,0.6777,0.942,0.6238,0.7883,0.5851,0.9038,0.8819,0.9221,0.7466,0.8959,0.9283,0.8145,0.7708,0.9706,0.8997
Train3Val_Proteingym,mean,bio_core_dna_prot_spliceai,nt_v2_500m_dna_301,esm1b_650m_prot_1001,Pure_XGBoost_Concat,0.767,0.6744,0.9464,0.6162,0.7876,0.5841,0.9064,0.8836,0.9227,0.7502,0.8917,0.93,0.8149,0.7711,0.97,0.8979
Train3Val_Proteingym,mean,bio_core_dna_prot_spliceai,nt_v2_500m_dna_301,esm1b_650m_prot_501,Pure_XGBoost_Concat,0.7656,0.6745,0.9405,0.6188,0.7856,0.5791,0.9033,0.8785,0.9239,0.7539,0.8929,0.9313,0.8175,0.7743,0.9708,0.8972
Train3Val_Proteingym,mean,bio_core_dna_prot_spliceai,nt_v2_500m_dna_1001,esm1b_650m_prot_101,Pure_XGBoost_Concat,0.7643,0.6723,0.9435,0.6138,0.7851,0.5784,0.9043,0.8734,0.918,0.7382,0.8833,0.9261,0.8042,0.7577,0.9685,0.8938
Train3Val_Proteingym,mean,bio_core_dna_prot_spliceai,nt_v2_500m_dna_10001,esm1b_650m_prot_1001,Pure_XGBoost_Concat,0.7649,0.6741,0.939,0.6188,0.7848,0.5774,0.9032,0.8768,0.9244,0.7537,0.8967,0.9309,0.819,0.7763,0.9713,0.9008
Train3Val_Proteingym,mean,bio_core_dna_prot_spliceai,nt_v2_500m_dna_1001,esm1b_650m_prot_1001,Pure_XGBoost_Concat,0.7609,0.6684,0.9449,0.6062,0.783,0.5739,0.9009,0.8721,0.9234,0.7508,0.8956,0.9299,0.8168,0.7736,0.9711,0.899
Train3Val_Proteingym,mean,bio_core_dna_prot_spliceai,nt_v2_500m_dna_601,esm1b_650m_prot_201,Pure_XGBoost_Concat,0.7636,0.6742,0.933,0.6212,0.7828,0.5724,0.9037,0.8832,0.922,0.7493,0.8883,0.9299,0.8129,0.7685,0.9707,0.9017
Train3Val_Proteingym,mean,bio_core_dna_prot_spliceai,nt_v2_500m_dna_2001,esm1b_650m_prot_501,Pure_XGBoost_Concat,0.7602,0.6691,0.939,0.61,0.7814,0.5699,0.8984,0.8756,0.9234,0.7517,0.894,0.9304,0.8167,0.7734,0.9712,0.8986
Train3Val_Proteingym,mean,bio_core_dna_prot_spliceai,nt_v2_500m_dna_1001,esm1b_650m_prot_501,Pure_XGBoost_Concat,0.7582,0.6656,0.9449,0.6012,0.7811,0.5697,0.9034,0.8852,0.9232,0.751,0.894,0.9301,0.8163,0.7729,0.9714,0.9024
Train3Val_Proteingym,mean,bio_core_dna_prot_spliceai,nt_v2_500m_dna_10001,esm1b_650m_prot_501,Pure_XGBoost_Concat,0.7588,0.6674,0.9405,0.6062,0.7807,0.5685,0.898,0.8729,0.9245,0.7556,0.8929,0.9319,0.8185,0.7755,0.9709,0.9003
Train3Val_Proteingym,mean,bio_core_dna_prot_spliceai,nt_v2_500m_dna_301,esm1b_650m_prot_201,Pure_XGBoost_Concat,0.7615,0.6728,0.9301,0.62,0.7808,0.5678,0.906,0.8876,0.9215,0.7502,0.8822,0.9307,0.8108,0.7657,0.9697,0.8977
Train3Val_Proteingym,mean,bio_core_dna_prot_spliceai,nt_v2_500m_dna_601,esm1b_650m_prot_101,Pure_XGBoost_Concat,0.7588,0.6684,0.936,0.61,0.7799,0.5664,0.8986,0.8705,0.9191,0.7403,0.8868,0.9267,0.807,0.7612,0.9687,0.8958
Train3Val_Proteingym,mean,bio_core_dna_prot_spliceai,nt_v2_500m_dna_10001,esm1b_650m_prot_201,Pure_XGBoost_Concat,0.7588,0.6695,0.9315,0.6138,0.7791,0.5642,0.9037,0.8801,0.9245,0.7578,0.8883,0.9331,0.8179,0.7745,0.9707,0.9015
Train3Val_Proteingym,mean,bio_core_dna_prot_spliceai,nt_v2_500m_dna_1001,esm1b_650m_prot_201,Pure_XGBoost_Concat,0.7595,0.6713,0.9271,0.6188,0.7788,0.5633,0.9068,0.8912,0.9204,0.7453,0.8856,0.9287,0.8094,0.7641,0.9701,0.8994
Train3Val_Proteingym,mean,bio_core_dna_prot_spliceai,nt_v2_500m_dna_301,esm1b_650m_prot_101,Pure_XGBoost_Concat,0.7561,0.6656,0.936,0.605,0.778,0.5621,0.9001,0.8712,0.9167,0.7345,0.8826,0.9248,0.8017,0.7547,0.9682,0.8939
Train3Val_Proteingym,mean,bio_core_dna_prot_spliceai,nt_v2_500m_dna_2001,esm1b_650m_prot_101,Pure_XGBoost_Concat,0.7554,0.6653,0.9345,0.605,0.7772,0.5603,0.8963,0.8623,0.9174,0.7358,0.8845,0.9251,0.8033,0.7567,0.9688,0.8954
Train3Val_Proteingym,mean,bio_core_dna_prot_spliceai,nt_v2_500m_dna_2001,esm1b_650m_prot_1001,Pure_XGBoost_Concat,0.75,0.657,0.9464,0.585,0.7756,0.5579,0.8971,0.8721,0.9237,0.7548,0.8891,0.9319,0.8164,0.7728,0.9706,0.8992
Train3Val_Proteingym,mean,bio_core_dna_prot_spliceai,nt_v2_500m_dna_2001,esm1b_650m_prot_201,Pure_XGBoost_Concat,0.7534,0.6638,0.9315,0.6038,0.7752,0.5557,0.9026,0.8788,0.9218,0.7499,0.8856,0.9304,0.8121,0.7674,0.9704,0.8993
Train3Val_Proteingym,mean,bio_core_dna_prot_spliceai,nt_v2_500m_dna_10001,esm1b_650m_prot_101,Pure_XGBoost_Concat,0.7514,0.6611,0.9345,0.5975,0.7744,0.5539,0.8982,0.8714,0.9188,0.742,0.8803,0.9278,0.8052,0.7588,0.9684,0.8961
Train3Val_Proteingym,mean,bio_core_dna_prot_spliceai,nt_v2_500m_dna_1001,esm1b_650m_prot_31,Pure_XGBoost_Concat,0.7344,0.6441,0.9345,0.5662,0.7626,0.5275,0.8897,0.8743,0.9114,0.7181,0.8818,0.9184,0.7916,0.7423,0.9635,0.8774
Train3Val_Proteingym,mean,bio_core_dna_prot_spliceai,nt_v2_500m_dna_601,esm1b_650m_prot_31,Pure_XGBoost_Concat,0.7323,0.6445,0.9226,0.5725,0.7589,0.5183,0.8839,0.8646,0.9094,0.7114,0.8837,0.9155,0.7883,0.7385,0.9637,0.8787
Train3Val_Proteingym,mean,bio_core_dna_prot_spliceai,nt_v2_500m_dna_10001,esm1b_650m_prot_31,Pure_XGBoost_Concat,0.7296,0.6404,0.9301,0.5612,0.7585,0.5177,0.8816,0.8572,0.9116,0.7186,0.8822,0.9186,0.792,0.7429,0.9641,0.8794
Train3Val_Proteingym,mean,bio_core_dna_prot_spliceai,nt_v2_500m_dna_301,esm1b_650m_prot_31,Pure_XGBoost_Concat,0.7276,0.6401,0.9211,0.565,0.7553,0.5101,0.8839,0.8617,0.9099,0.713,0.8837,0.9161,0.7892,0.7396,0.9632,0.8768
Train3Val_Proteingym,mean,bio_core_dna_prot_spliceai,nt_v2_500m_dna_2001,esm1b_650m_prot_31,Pure_XGBoost_Concat,0.7283,0.6414,0.9182,0.5688,0.7552,0.5097,0.88,0.8607,0.9107,0.7154,0.8829,0.9172,0.7904,0.741,0.9635,0.8798
Train3Val_Test,mean,bio_core_dna_prot_spliceai,nt_v2_500m_dna_301,esm1b_650m_prot_1001,Pure_XGBoost_Concat,0.9155,0.8091,0.9023,0.9204,0.8532,0.7964,0.968,0.9259,0.9227,0.7502,0.8917,0.93,0.8149,0.7711,0.97,0.8979
Train3Val_Test,mean,bio_core_dna_prot_spliceai,nt_v2_500m_dna_601,esm1b_650m_prot_1001,Pure_XGBoost_Concat,0.9147,0.8027,0.9101,0.9164,0.853,0.7964,0.9679,0.9266,0.9221,0.7466,0.8959,0.9283,0.8145,0.7708,0.9706,0.8997
Train3Val_Test,mean,bio_core_dna_prot_spliceai,nt_v2_500m_dna_1001,esm1b_650m_prot_1001,Pure_XGBoost_Concat,0.9134,0.8018,0.9053,0.9164,0.8504,0.7927,0.9677,0.9274,0.9234,0.7508,0.8956,0.9299,0.8168,0.7736,0.9711,0.899
Train3Val_Test,mean,bio_core_dna_prot_spliceai,nt_v2_500m_dna_601,esm1b_650m_prot_501,Pure_XGBoost_Concat,0.9137,0.8063,0.8987,0.9193,0.85,0.7919,0.9665,0.9224,0.9227,0.752,0.8875,0.931,0.8142,0.77,0.9712,0.9011
Train3Val_Test,mean,bio_core_dna_prot_spliceai,nt_v2_500m_dna_10001,esm1b_650m_prot_1001,Pure_XGBoost_Concat,0.913,0.8042,0.8993,0.9182,0.8491,0.7907,0.967,0.9249,0.9244,0.7537,0.8967,0.9309,0.819,0.7763,0.9713,0.9008
Train3Val_Test,mean,bio_core_dna_prot_spliceai,nt_v2_500m_dna_1001,esm1b_650m_prot_501,Pure_XGBoost_Concat,0.9126,0.8016,0.9017,0.9166,0.8487,0.7902,0.9667,0.922,0.9232,0.751,0.894,0.9301,0.8163,0.7729,0.9714,0.9024
Train3Val_Test,mean,bio_core_dna_prot_spliceai,nt_v2_500m_dna_601,esm1b_650m_prot_201,Pure_XGBoost_Concat,0.913,0.8092,0.8902,0.9216,0.8478,0.7889,0.9676,0.9284,0.922,0.7493,0.8883,0.9299,0.8129,0.7685,0.9707,0.9017
Train3Val_Test,mean,bio_core_dna_prot_spliceai,nt_v2_500m_dna_301,esm1b_650m_prot_501,Pure_XGBoost_Concat,0.9117,0.8011,0.8987,0.9166,0.8471,0.7879,0.9673,0.9246,0.9239,0.7539,0.8929,0.9313,0.8175,0.7743,0.9708,0.8972
Train3Val_Test,mean,bio_core_dna_prot_spliceai,nt_v2_500m_dna_2001,esm1b_650m_prot_1001,Pure_XGBoost_Concat,0.9116,0.8,0.8999,0.9159,0.847,0.7878,0.9668,0.9262,0.9237,0.7548,0.8891,0.9319,0.8164,0.7728,0.9706,0.8992
Train3Val_Test,mean,bio_core_dna_prot_spliceai,nt_v2_500m_dna_10001,esm1b_650m_prot_501,Pure_XGBoost_Concat,0.9116,0.8013,0.8975,0.9168,0.8467,0.7873,0.9664,0.9245,0.9245,0.7556,0.8929,0.9319,0.8185,0.7755,0.9709,0.9003
Train3Val_Test,mean,bio_core_dna_prot_spliceai,nt_v2_500m_dna_1001,esm1b_650m_prot_201,Pure_XGBoost_Concat,0.9099,0.8009,0.8902,0.9173,0.8432,0.7824,0.9668,0.9246,0.9204,0.7453,0.8856,0.9287,0.8094,0.7641,0.9701,0.8994
Train3Val_Test,mean,bio_core_dna_prot_spliceai,nt_v2_500m_dna_2001,esm1b_650m_prot_501,Pure_XGBoost_Concat,0.9088,0.7937,0.8981,0.9128,0.8427,0.7817,0.9659,0.9219,0.9234,0.7517,0.894,0.9304,0.8167,0.7734,0.9712,0.8986
Train3Val_Test,mean,bio_core_dna_prot_spliceai,nt_v2_500m_dna_301,esm1b_650m_prot_201,Pure_XGBoost_Concat,0.9091,0.7984,0.8908,0.9159,0.8421,0.7808,0.9674,0.9272,0.9215,0.7502,0.8822,0.9307,0.8108,0.7657,0.9697,0.8977
Train3Val_Test,mean,bio_core_dna_prot_spliceai,nt_v2_500m_dna_2001,esm1b_650m_prot_201,Pure_XGBoost_Concat,0.9081,0.7933,0.8957,0.9128,0.8414,0.7799,0.9664,0.9269,0.9218,0.7499,0.8856,0.9304,0.8121,0.7674,0.9704,0.8993
Train3Val_Test,mean,bio_core_dna_prot_spliceai,nt_v2_500m_dna_10001,esm1b_650m_prot_201,Pure_XGBoost_Concat,0.9078,0.7956,0.8896,0.9146,0.84,0.7779,0.9664,0.9265,0.9245,0.7578,0.8883,0.9331,0.8179,0.7745,0.9707,0.9015
Train3Val_Test,mean,bio_core_dna_prot_spliceai,nt_v2_500m_dna_301,esm1b_650m_prot_101,Pure_XGBoost_Concat,0.907,0.79,0.8963,0.911,0.8398,0.7777,0.9649,0.922,0.9167,0.7345,0.8826,0.9248,0.8017,0.7547,0.9682,0.8939
Train3Val_Test,mean,bio_core_dna_prot_spliceai,nt_v2_500m_dna_1001,esm1b_650m_prot_101,Pure_XGBoost_Concat,0.9066,0.7882,0.8981,0.9098,0.8396,0.7774,0.9654,0.9228,0.918,0.7382,0.8833,0.9261,0.8042,0.7577,0.9685,0.8938
Train3Val_Test,mean,bio_core_dna_prot_spliceai,nt_v2_500m_dna_10001,esm1b_650m_prot_101,Pure_XGBoost_Concat,0.9066,0.7904,0.8938,0.9114,0.8389,0.7765,0.9639,0.9202,0.9188,0.742,0.8803,0.9278,0.8052,0.7588,0.9684,0.8961
Train3Val_Test,mean,bio_core_dna_prot_spliceai,nt_v2_500m_dna_2001,esm1b_650m_prot_101,Pure_XGBoost_Concat,0.9063,0.7883,0.8963,0.9101,0.8388,0.7763,0.9642,0.92,0.9174,0.7358,0.8845,0.9251,0.8033,0.7567,0.9688,0.8954
Train3Val_Test,mean,bio_core_dna_prot_spliceai,nt_v2_500m_dna_601,esm1b_650m_prot_101,Pure_XGBoost_Concat,0.9039,0.7848,0.8908,0.9087,0.8345,0.7702,0.965,0.9225,0.9191,0.7403,0.8868,0.9267,0.807,0.7612,0.9687,0.8958
Train3Val_Test,mean,bio_core_dna_prot_spliceai,nt_v2_500m_dna_10001,esm1b_650m_prot_31,Pure_XGBoost_Concat,0.8952,0.7683,0.88,0.9008,0.8204,0.7502,0.9559,0.9021,0.9116,0.7186,0.8822,0.9186,0.792,0.7429,0.9641,0.8794
Train3Val_Test,mean,bio_core_dna_prot_spliceai,nt_v2_500m_dna_2001,esm1b_650m_prot_31,Pure_XGBoost_Concat,0.8916,0.7622,0.8739,0.8981,0.8143,0.7416,0.9549,0.8981,0.9107,0.7154,0.8829,0.9172,0.7904,0.741,0.9635,0.8798
Train3Val_Test,mean,bio_core_dna_prot_spliceai,nt_v2_500m_dna_601,esm1b_650m_prot_31,Pure_XGBoost_Concat,0.8916,0.7631,0.8721,0.8988,0.814,0.7412,0.9557,0.901,0.9094,0.7114,0.8837,0.9155,0.7883,0.7385,0.9637,0.8787
Train3Val_Test,mean,bio_core_dna_prot_spliceai,nt_v2_500m_dna_1001,esm1b_650m_prot_31,Pure_XGBoost_Concat,0.8904,0.7562,0.8812,0.8938,0.8139,0.7412,0.9557,0.9015,0.9114,0.7181,0.8818,0.9184,0.7916,0.7423,0.9635,0.8774
Train3Val_Test,mean,bio_core_dna_prot_spliceai,nt_v2_500m_dna_301,esm1b_650m_prot_31,Pure_XGBoost_Concat,0.8896,0.7574,0.8739,0.8954,0.8115,0.7378,0.9549,0.9022,0.9099,0.713,0.8837,0.9161,0.7892,0.7396,0.9632,0.8768
Train3Val_Uniprot,mean,bio_core_dna_prot_spliceai,nt_v2_500m_dna_1001,esm1b_650m_prot_1001,Pure_XGBoost_Concat,0.7194,0.6835,0.8133,0.6263,0.7428,0.4473,0.7747,0.7498,0.9234,0.7508,0.8956,0.9299,0.8168,0.7736,0.9711,0.899
Train3Val_Uniprot,mean,bio_core_dna_prot_spliceai,nt_v2_500m_dna_301,esm1b_650m_prot_101,Pure_XGBoost_Concat,0.7202,0.6912,0.7922,0.6487,0.7382,0.4454,0.7751,0.761,0.9167,0.7345,0.8826,0.9248,0.8017,0.7547,0.9682,0.8939
Train3Val_Uniprot,mean,bio_core_dna_prot_spliceai,nt_v2_500m_dna_301,esm1b_650m_prot_1001,Pure_XGBoost_Concat,0.7187,0.686,0.8027,0.6353,0.7398,0.4441,0.7774,0.755,0.9227,0.7502,0.8917,0.93,0.8149,0.7711,0.97,0.8979
Train3Val_Uniprot,mean,bio_core_dna_prot_spliceai,nt_v2_500m_dna_301,esm1b_650m_prot_501,Pure_XGBoost_Concat,0.7127,0.6813,0.7952,0.6308,0.7338,0.4317,0.7812,0.7781,0.9239,0.7539,0.8929,0.9313,0.8175,0.7743,0.9708,0.8972
Train3Val_Uniprot,mean,bio_core_dna_prot_spliceai,nt_v2_500m_dna_10001,esm1b_650m_prot_1001,Pure_XGBoost_Concat,0.7112,0.6809,0.7907,0.6323,0.7317,0.4282,0.7757,0.7519,0.9244,0.7537,0.8967,0.9309,0.819,0.7763,0.9713,0.9008
Train3Val_Uniprot,mean,bio_core_dna_prot_spliceai,nt_v2_500m_dna_2001,esm1b_650m_prot_1001,Pure_XGBoost_Concat,0.7104,0.6777,0.7982,0.6233,0.7331,0.428,0.7779,0.76,0.9237,0.7548,0.8891,0.9319,0.8164,0.7728,0.9706,0.8992
Train3Val_Uniprot,mean,bio_core_dna_prot_spliceai,nt_v2_500m_dna_301,esm1b_650m_prot_201,Pure_XGBoost_Concat,0.7104,0.6815,0.7861,0.6353,0.7301,0.4262,0.7785,0.7674,0.9215,0.7502,0.8822,0.9307,0.8108,0.7657,0.9697,0.8977
Train3Val_Uniprot,mean,bio_core_dna_prot_spliceai,nt_v2_500m_dna_601,esm1b_650m_prot_1001,Pure_XGBoost_Concat,0.7089,0.676,0.7982,0.6203,0.732,0.4252,0.7786,0.7494,0.9221,0.7466,0.8959,0.9283,0.8145,0.7708,0.9706,0.8997
Train3Val_Uniprot,mean,bio_core_dna_prot_spliceai,nt_v2_500m_dna_1001,esm1b_650m_prot_501,Pure_XGBoost_Concat,0.7074,0.6761,0.7922,0.6233,0.7295,0.4214,0.7795,0.7756,0.9232,0.751,0.894,0.9301,0.8163,0.7729,0.9714,0.9024
Train3Val_Uniprot,mean,bio_core_dna_prot_spliceai,nt_v2_500m_dna_601,esm1b_650m_prot_101,Pure_XGBoost_Concat,0.7067,0.6766,0.7877,0.6263,0.7279,0.4193,0.7699,0.7539,0.9191,0.7403,0.8868,0.9267,0.807,0.7612,0.9687,0.8958
Train3Val_Uniprot,mean,bio_core_dna_prot_spliceai,nt_v2_500m_dna_10001,esm1b_650m_prot_501,Pure_XGBoost_Concat,0.7059,0.6775,0.7816,0.6308,0.7259,0.4171,0.7789,0.7774,0.9245,0.7556,0.8929,0.9319,0.8185,0.7755,0.9709,0.9003
Train3Val_Uniprot,mean,bio_core_dna_prot_spliceai,nt_v2_500m_dna_1001,esm1b_650m_prot_201,Pure_XGBoost_Concat,0.7052,0.6748,0.7877,0.6233,0.7269,0.4165,0.7758,0.7626,0.9204,0.7453,0.8856,0.9287,0.8094,0.7641,0.9701,0.8994
Train3Val_Uniprot,mean,bio_core_dna_prot_spliceai,nt_v2_500m_dna_601,esm1b_650m_prot_501,Pure_XGBoost_Concat,0.7044,0.6731,0.7907,0.6188,0.7271,0.4156,0.7771,0.765,0.9227,0.752,0.8875,0.931,0.8142,0.77,0.9712,0.9011
Train3Val_Uniprot,mean,bio_core_dna_prot_spliceai,nt_v2_500m_dna_601,esm1b_650m_prot_201,Pure_XGBoost_Concat,0.7044,0.6758,0.7816,0.6278,0.7249,0.4143,0.7743,0.7556,0.922,0.7493,0.8883,0.9299,0.8129,0.7685,0.9707,0.9017
Train3Val_Uniprot,mean,bio_core_dna_prot_spliceai,nt_v2_500m_dna_1001,esm1b_650m_prot_101,Pure_XGBoost_Concat,0.7029,0.6718,0.7892,0.6173,0.7258,0.4125,0.7728,0.7575,0.918,0.7382,0.8833,0.9261,0.8042,0.7577,0.9685,0.8938
Train3Val_Uniprot,mean,bio_core_dna_prot_spliceai,nt_v2_500m_dna_2001,esm1b_650m_prot_201,Pure_XGBoost_Concat,0.7029,0.674,0.7816,0.6248,0.7238,0.4114,0.7733,0.7646,0.9218,0.7499,0.8856,0.9304,0.8121,0.7674,0.9704,0.8993
Train3Val_Uniprot,mean,bio_core_dna_prot_spliceai,nt_v2_500m_dna_2001,esm1b_650m_prot_101,Pure_XGBoost_Concat,0.7014,0.6723,0.7816,0.6218,0.7228,0.4086,0.7689,0.7415,0.9174,0.7358,0.8845,0.9251,0.8033,0.7567,0.9688,0.8954
Train3Val_Uniprot,mean,bio_core_dna_prot_spliceai,nt_v2_500m_dna_2001,esm1b_650m_prot_501,Pure_XGBoost_Concat,0.7007,0.6719,0.7801,0.6218,0.722,0.407,0.7802,0.7676,0.9234,0.7517,0.894,0.9304,0.8167,0.7734,0.9712,0.8986
Train3Val_Uniprot,mean,bio_core_dna_prot_spliceai,nt_v2_500m_dna_10001,esm1b_650m_prot_101,Pure_XGBoost_Concat,0.7007,0.6723,0.7786,0.6233,0.7216,0.4068,0.769,0.7454,0.9188,0.742,0.8803,0.9278,0.8052,0.7588,0.9684,0.8961
Train3Val_Uniprot,mean,bio_core_dna_prot_spliceai,nt_v2_500m_dna_10001,esm1b_650m_prot_201,Pure_XGBoost_Concat,0.6962,0.665,0.7861,0.6069,0.7205,0.3994,0.7763,0.7702,0.9245,0.7578,0.8883,0.9331,0.8179,0.7745,0.9707,0.9015
Train3Val_Uniprot,mean,bio_core_dna_prot_spliceai,nt_v2_500m_dna_10001,esm1b_650m_prot_31,Pure_XGBoost_Concat,0.6887,0.6632,0.762,0.6158,0.7092,0.3819,0.7525,0.7407,0.9116,0.7186,0.8822,0.9186,0.792,0.7429,0.9641,0.8794
Train3Val_Uniprot,mean,bio_core_dna_prot_spliceai,nt_v2_500m_dna_1001,esm1b_650m_prot_31,Pure_XGBoost_Concat,0.6879,0.6598,0.7711,0.6054,0.7111,0.3816,0.7501,0.7384,0.9114,0.7181,0.8818,0.9184,0.7916,0.7423,0.9635,0.8774
Train3Val_Uniprot,mean,bio_core_dna_prot_spliceai,nt_v2_500m_dna_2001,esm1b_650m_prot_31,Pure_XGBoost_Concat,0.6872,0.6614,0.762,0.6129,0.7082,0.3791,0.7461,0.7324,0.9107,0.7154,0.8829,0.9172,0.7904,0.741,0.9635,0.8798
Train3Val_Uniprot,mean,bio_core_dna_prot_spliceai,nt_v2_500m_dna_601,esm1b_650m_prot_31,Pure_XGBoost_Concat,0.6864,0.6593,0.7666,0.6069,0.7089,0.3782,0.7466,0.7304,0.9094,0.7114,0.8837,0.9155,0.7883,0.7385,0.9637,0.8787
Train3Val_Uniprot,mean,bio_core_dna_prot_spliceai,nt_v2_500m_dna_301,esm1b_650m_prot_31,Pure_XGBoost_Concat,0.6834,0.6596,0.753,0.6143,0.7032,0.3709,0.7464,0.7303,0.9099,0.713,0.8837,0.9161,0.7892,0.7396,0.9632,0.8768
