Dataset,Pooling,Ablation,DNA_Model,Prot_Model,Network,Accuracy,Precision,Recall,Specificity,F1_Score,MCC,AUROC,AUPRC,Val_Accuracy,Val_Precision,Val_Recall,Val_Specificity,Val_F1_Score,Val_MCC,Val_AUROC,Val_AUPRC,Geom_Features
Train3Val_ClinVarHQ,mean,bio_core_dna_prot_spliceai_geom_lid_both_k64,nt_v2_500m,esm1b_650m,Pure_XGBoost_Concat,0.9289,0.9627,0.8908,0.9662,0.9254,0.86,0.9822,0.9824,0.9277,0.7694,0.8871,0.9373,0.8241,0.782,0.9723,0.9099,dna_LVD_L2+dna_LVD_Relative+prot_LLR+prot_LVD_Cosine+prot_LVD_Relative+dna_LID+prot_LID
Train3Val_ClinVarHQ,mean,bio_core_dna_prot_spliceai_geom_lid_dna_k64,nt_v2_500m,esm1b_650m,Pure_XGBoost_Concat,0.9289,0.9461,0.908,0.9493,0.9267,0.8584,0.9824,0.9824,0.9291,0.7731,0.8891,0.9385,0.827,0.7857,0.9719,0.9091,dna_LVD_L2+dna_LVD_Relative+prot_LLR+prot_LVD_Cosine+prot_LVD_Relative+dna_LID
Train3Val_ClinVarHQ,mean,bio_core_dna_prot_spliceai_geom_lid_dna_k8,nt_v2_500m,esm1b_650m,Pure_XGBoost_Concat,0.926,0.9568,0.8908,0.9606,0.9226,0.8539,0.9852,0.9854,0.9291,0.7735,0.8883,0.9387,0.8269,0.7855,0.9726,0.9111,dna_LVD_L2+dna_LVD_Relative+prot_LLR+prot_LVD_Cosine+prot_LVD_Relative+dna_LID
Train3Val_ClinVarHQ,mean,bio_core_dna_prot_spliceai_geom_lid_control,nt_v2_500m,esm1b_650m,Pure_XGBoost_Concat,0.926,0.9512,0.8966,0.9549,0.9231,0.8533,0.9834,0.9838,0.9291,0.7713,0.8929,0.9376,0.8277,0.7866,0.9728,0.9107,dna_LVD_L2+dna_LVD_Relative+prot_LLR+prot_LVD_Cosine+prot_LVD_Relative
Train3Val_ClinVarHQ,mean,bio_core_dna_prot_spliceai_geom_lid_prot_k64,nt_v2_500m,esm1b_650m,Pure_XGBoost_Concat,0.926,0.9485,0.8994,0.9521,0.9233,0.8531,0.9826,0.9826,0.9289,0.7703,0.894,0.9371,0.8275,0.7865,0.972,0.9083,dna_LVD_L2+dna_LVD_Relative+prot_LLR+prot_LVD_Cosine+prot_LVD_Relative+prot_LID
Train3Val_ClinVarHQ,mean,bio_core_dna_prot_spliceai_geom_lid_dna_k32_architecture,nt_v2_500m,esm1b_650m,Pure_XGBoost_Concat,0.926,0.9485,0.8994,0.9521,0.9233,0.8531,0.9828,0.9834,0.929,0.7705,0.894,0.9372,0.8277,0.7867,0.9729,0.911,dna_LVD_L2+dna_LVD_Relative+prot_LLR+prot_LVD_Cosine+prot_LVD_Relative+dna_LID
Train3Val_ClinVarHQ,mean,bio_core_dna_prot_spliceai_geom_lid_prot_k8,nt_v2_500m,esm1b_650m,Pure_XGBoost_Concat,0.9246,0.9483,0.8966,0.9521,0.9217,0.8504,0.9835,0.9838,0.9263,0.7642,0.8875,0.9354,0.8212,0.7786,0.9716,0.9095,dna_LVD_L2+dna_LVD_Relative+prot_LLR+prot_LVD_Cosine+prot_LVD_Relative+prot_LID
Train3Val_ClinVarHQ,mean,bio_core_dna_prot_spliceai_geom_lid_both_k8,nt_v2_500m,esm1b_650m,Pure_XGBoost_Concat,0.9218,0.9508,0.8879,0.9549,0.9183,0.8452,0.9841,0.984,0.9282,0.7693,0.8906,0.937,0.8255,0.7839,0.973,0.9104,dna_LVD_L2+dna_LVD_Relative+prot_LLR+prot_LVD_Cosine+prot_LVD_Relative+dna_LID+prot_LID
Train3Val_ClinVarHQ,mean,bio_core_dna_prot_spliceai_geom_lid_both_k16,nt_v2_500m,esm1b_650m,Pure_XGBoost_Concat,0.9218,0.948,0.8908,0.9521,0.9185,0.8449,0.9817,0.9808,0.9294,0.773,0.8921,0.9382,0.8283,0.7873,0.9718,0.9053,dna_LVD_L2+dna_LVD_Relative+prot_LLR+prot_LVD_Cosine+prot_LVD_Relative+dna_LID+prot_LID
Train3Val_ClinVarHQ,mean,bio_core_dna_prot_spliceai_geom_lid_dna_k32,nt_v2_500m,esm1b_650m,Pure_XGBoost_Concat,0.9218,0.9453,0.8937,0.9493,0.9188,0.8447,0.9814,0.9815,0.9296,0.7733,0.8925,0.9383,0.8286,0.7878,0.9726,0.9093,dna_LVD_L2+dna_LVD_Relative+prot_LLR+prot_LVD_Cosine+prot_LVD_Relative+dna_LID
Train3Val_ClinVarHQ,mean,bio_core_dna_prot_spliceai_geom_lid_both_k32,nt_v2_500m,esm1b_650m,Pure_XGBoost_Concat,0.9218,0.9453,0.8937,0.9493,0.9188,0.8447,0.9823,0.9825,0.928,0.7699,0.8883,0.9374,0.8249,0.783,0.972,0.9065,dna_LVD_L2+dna_LVD_Relative+prot_LLR+prot_LVD_Cosine+prot_LVD_Relative+dna_LID+prot_LID
Train3Val_ClinVarHQ,mean,bio_core_dna_prot_spliceai_geom_lid_dna_k16,nt_v2_500m,esm1b_650m,Pure_XGBoost_Concat,0.9203,0.9398,0.8966,0.9437,0.9176,0.8415,0.983,0.9833,0.9277,0.7676,0.891,0.9364,0.8247,0.783,0.9729,0.9113,dna_LVD_L2+dna_LVD_Relative+prot_LLR+prot_LVD_Cosine+prot_LVD_Relative+dna_LID
Train3Val_ClinVarHQ,mean,bio_core_dna_prot_spliceai_geom_lid_dna_k32_architecture,nt_v2_500m,esm1b_650m,Hybrid_Transformer_XGBoost,0.9203,0.9294,0.908,0.9324,0.9186,0.8408,0.976,0.9766,0.921,0.7501,0.8783,0.931,0.8092,0.7635,0.9664,0.8959,dna_LVD_L2+dna_LVD_Relative+prot_LLR+prot_LVD_Cosine+prot_LVD_Relative+dna_LID
Train3Val_ClinVarHQ,mean,bio_core_dna_prot_spliceai_geom_lid_prot_k16,nt_v2_500m,esm1b_650m,Pure_XGBoost_Concat,0.9189,0.945,0.8879,0.9493,0.9156,0.8392,0.9838,0.9843,0.9283,0.7712,0.8871,0.9379,0.8251,0.7833,0.9723,0.9082,dna_LVD_L2+dna_LVD_Relative+prot_LLR+prot_LVD_Cosine+prot_LVD_Relative+prot_LID
Train3Val_ClinVarHQ,mean,bio_core_dna_prot_spliceai_geom_lid_dna_k32_architecture,nt_v2_500m,esm1b_650m,Hybrid_Gating_XGBoost,0.9175,0.9448,0.8851,0.9493,0.9139,0.8365,0.9785,0.9791,0.9222,0.7556,0.8753,0.9333,0.8111,0.7657,0.9658,0.8958,dna_LVD_L2+dna_LVD_Relative+prot_LLR+prot_LVD_Cosine+prot_LVD_Relative+dna_LID
Train3Val_ClinVarHQ,mean,bio_core_dna_prot_spliceai_geom_lid_dna_k32_architecture,nt_v2_500m,esm1b_650m,PyTorch_CrossAttn,0.9147,0.9615,0.8621,0.9662,0.9091,0.8335,0.9743,0.9744,0.9284,0.7884,0.8539,0.946,0.8198,0.7762,0.9652,0.8938,dna_LVD_L2+dna_LVD_Relative+prot_LLR+prot_LVD_Cosine+prot_LVD_Relative+dna_LID
Train3Val_ClinVarHQ,mean,bio_core_dna_prot_spliceai_geom_lid_prot_k32,nt_v2_500m,esm1b_650m,Pure_XGBoost_Concat,0.9161,0.9392,0.8879,0.9437,0.9129,0.8333,0.9827,0.9833,0.9289,0.7704,0.8936,0.9372,0.8275,0.7864,0.9727,0.9106,dna_LVD_L2+dna_LVD_Relative+prot_LLR+prot_LVD_Cosine+prot_LVD_Relative+prot_LID
Train3Val_ClinVarHQ,mean,bio_core_dna_prot_spliceai_geom_lid_dna_k32_architecture,nt_v2_500m,esm1b_650m,Hybrid_Concat_XGBoost,0.9147,0.939,0.8851,0.9437,0.9112,0.8305,0.9763,0.9762,0.922,0.7538,0.8783,0.9324,0.8113,0.7661,0.9666,0.8975,dna_LVD_L2+dna_LVD_Relative+prot_LLR+prot_LVD_Cosine+prot_LVD_Relative+dna_LID
Train3Val_ClinVarHQ,mean,bio_core_dna_prot_spliceai_geom_lid_dna_k32_architecture,nt_v2_500m,esm1b_650m,PyTorch_Gating,0.9075,0.9381,0.8707,0.9437,0.9031,0.817,0.9746,0.9743,0.9272,0.789,0.8439,0.9468,0.8155,0.7709,0.966,0.8945,dna_LVD_L2+dna_LVD_Relative+prot_LLR+prot_LVD_Cosine+prot_LVD_Relative+dna_LID
Train3Val_ClinVarHQ,mean,bio_core_dna_prot_spliceai_geom_lid_dna_k32_architecture,nt_v2_500m,esm1b_650m,Hybrid_CrossAttn_XGBoost,0.9061,0.9273,0.8793,0.9324,0.9027,0.8132,0.97,0.9711,0.9202,0.7505,0.8711,0.9317,0.8063,0.7597,0.967,0.8979,dna_LVD_L2+dna_LVD_Relative+prot_LLR+prot_LVD_Cosine+prot_LVD_Relative+dna_LID
Train3Val_ClinVarHQ,mean,bio_core_dna_prot_spliceai_geom_lid_dna_k32_architecture,nt_v2_500m,esm1b_650m,PyTorch_Transformer,0.899,0.9425,0.8477,0.9493,0.8926,0.8018,0.9744,0.9729,0.9319,0.8133,0.8347,0.9548,0.8239,0.7818,0.9666,0.8964,dna_LVD_L2+dna_LVD_Relative+prot_LLR+prot_LVD_Cosine+prot_LVD_Relative+dna_LID
Train3Val_ClinVarHQ,mean,bio_core_dna_prot_spliceai_geom_lid_dna_k32_architecture,nt_v2_500m,esm1b_650m,PyTorch_Concat,0.8962,0.9479,0.8362,0.9549,0.8885,0.7975,0.9753,0.9758,0.933,0.8232,0.8263,0.9581,0.8247,0.7833,0.9667,0.8962,dna_LVD_L2+dna_LVD_Relative+prot_LLR+prot_LVD_Cosine+prot_LVD_Relative+dna_LID
Train3Val_ProteinGym,mean,bio_core_dna_prot_spliceai_geom_lid_dna_k32_architecture,nt_v2_500m,esm1b_650m,PyTorch_Transformer,0.8091,0.7453,0.8839,0.7462,0.8087,0.63,0.9017,0.8762,0.9319,0.8133,0.8347,0.9548,0.8239,0.7818,0.9666,0.8964,dna_LVD_L2+dna_LVD_Relative+prot_LLR+prot_LVD_Cosine+prot_LVD_Relative+dna_LID
Train3Val_ProteinGym,mean,bio_core_dna_prot_spliceai_geom_lid_dna_k32_architecture,nt_v2_500m,esm1b_650m,PyTorch_Concat,0.8057,0.7412,0.8824,0.7412,0.8057,0.6237,0.8984,0.8721,0.933,0.8232,0.8263,0.9581,0.8247,0.7833,0.9667,0.8962,dna_LVD_L2+dna_LVD_Relative+prot_LLR+prot_LVD_Cosine+prot_LVD_Relative+dna_LID
Train3Val_ProteinGym,mean,bio_core_dna_prot_spliceai_geom_lid_dna_k32_architecture,nt_v2_500m,esm1b_650m,PyTorch_Gating,0.7908,0.7162,0.8973,0.7012,0.7966,0.6026,0.8923,0.8661,0.9272,0.789,0.8439,0.9468,0.8155,0.7709,0.966,0.8945,dna_LVD_L2+dna_LVD_Relative+prot_LLR+prot_LVD_Cosine+prot_LVD_Relative+dna_LID
Train3Val_ProteinGym,mean,bio_core_dna_prot_spliceai_geom_lid_dna_k32_architecture,nt_v2_500m,esm1b_650m,Hybrid_Transformer_XGBoost,0.7826,0.6956,0.9315,0.6575,0.7964,0.602,0.8984,0.8769,0.921,0.7501,0.8783,0.931,0.8092,0.7635,0.9664,0.8959,dna_LVD_L2+dna_LVD_Relative+prot_LLR+prot_LVD_Cosine+prot_LVD_Relative+dna_LID
Train3Val_ProteinGym,mean,bio_core_dna_prot_spliceai_geom_lid_both_k64,nt_v2_500m,esm1b_650m,Pure_XGBoost_Concat,0.7819,0.6944,0.933,0.655,0.7962,0.6015,0.9095,0.8938,0.9277,0.7694,0.8871,0.9373,0.8241,0.782,0.9723,0.9099,dna_LVD_L2+dna_LVD_Relative+prot_LLR+prot_LVD_Cosine+prot_LVD_Relative+dna_LID+prot_LID
Train3Val_ProteinGym,mean,bio_core_dna_prot_spliceai_geom_lid_prot_k64,nt_v2_500m,esm1b_650m,Pure_XGBoost_Concat,0.7772,0.689,0.933,0.6462,0.7927,0.5939,0.9107,0.8944,0.9289,0.7703,0.894,0.9371,0.8275,0.7865,0.972,0.9083,dna_LVD_L2+dna_LVD_Relative+prot_LLR+prot_LVD_Cosine+prot_LVD_Relative+prot_LID
Train3Val_ProteinGym,mean,bio_core_dna_prot_spliceai_geom_lid_dna_k32_architecture,nt_v2_500m,esm1b_650m,Hybrid_Concat_XGBoost,0.7779,0.6915,0.9271,0.6525,0.7921,0.5925,0.9012,0.8809,0.922,0.7538,0.8783,0.9324,0.8113,0.7661,0.9666,0.8975,dna_LVD_L2+dna_LVD_Relative+prot_LLR+prot_LVD_Cosine+prot_LVD_Relative+dna_LID
Train3Val_ProteinGym,mean,bio_core_dna_prot_spliceai_geom_lid_control,nt_v2_500m,esm1b_650m,Pure_XGBoost_Concat,0.7751,0.6859,0.936,0.64,0.7917,0.592,0.9083,0.8949,0.9291,0.7713,0.8929,0.9376,0.8277,0.7866,0.9728,0.9107,dna_LVD_L2+dna_LVD_Relative+prot_LLR+prot_LVD_Cosine+prot_LVD_Relative
Train3Val_ProteinGym,mean,bio_core_dna_prot_spliceai_geom_lid_both_k8,nt_v2_500m,esm1b_650m,Pure_XGBoost_Concat,0.7758,0.6875,0.933,0.6438,0.7917,0.5918,0.9093,0.8897,0.9282,0.7693,0.8906,0.937,0.8255,0.7839,0.973,0.9104,dna_LVD_L2+dna_LVD_Relative+prot_LLR+prot_LVD_Cosine+prot_LVD_Relative+dna_LID+prot_LID
Train3Val_ProteinGym,mean,bio_core_dna_prot_spliceai_geom_lid_dna_k32_architecture,nt_v2_500m,esm1b_650m,Hybrid_Gating_XGBoost,0.7758,0.6875,0.933,0.6438,0.7917,0.5918,0.8921,0.8613,0.9222,0.7556,0.8753,0.9333,0.8111,0.7657,0.9658,0.8958,dna_LVD_L2+dna_LVD_Relative+prot_LLR+prot_LVD_Cosine+prot_LVD_Relative+dna_LID
Train3Val_ProteinGym,mean,bio_core_dna_prot_spliceai_geom_lid_dna_k32_architecture,nt_v2_500m,esm1b_650m,Pure_XGBoost_Concat,0.7751,0.6863,0.9345,0.6412,0.7914,0.5913,0.9116,0.8977,0.929,0.7705,0.894,0.9372,0.8277,0.7867,0.9729,0.911,dna_LVD_L2+dna_LVD_Relative+prot_LLR+prot_LVD_Cosine+prot_LVD_Relative+dna_LID
Train3Val_ProteinGym,mean,bio_core_dna_prot_spliceai_geom_lid_prot_k8,nt_v2_500m,esm1b_650m,Pure_XGBoost_Concat,0.7751,0.6867,0.933,0.6425,0.7912,0.5907,0.9106,0.8892,0.9263,0.7642,0.8875,0.9354,0.8212,0.7786,0.9716,0.9095,dna_LVD_L2+dna_LVD_Relative+prot_LLR+prot_LVD_Cosine+prot_LVD_Relative+prot_LID
Train3Val_ProteinGym,mean,bio_core_dna_prot_spliceai_geom_lid_dna_k64,nt_v2_500m,esm1b_650m,Pure_XGBoost_Concat,0.7745,0.6856,0.9345,0.64,0.7909,0.5903,0.9099,0.8918,0.9291,0.7731,0.8891,0.9385,0.827,0.7857,0.9719,0.9091,dna_LVD_L2+dna_LVD_Relative+prot_LLR+prot_LVD_Cosine+prot_LVD_Relative+dna_LID
Train3Val_ProteinGym,mean,bio_core_dna_prot_spliceai_geom_lid_dna_k32,nt_v2_500m,esm1b_650m,Pure_XGBoost_Concat,0.7751,0.6872,0.9315,0.6438,0.7909,0.59,0.9104,0.8959,0.9296,0.7733,0.8925,0.9383,0.8286,0.7878,0.9726,0.9093,dna_LVD_L2+dna_LVD_Relative+prot_LLR+prot_LVD_Cosine+prot_LVD_Relative+dna_LID
Train3Val_ProteinGym,mean,bio_core_dna_prot_spliceai_geom_lid_dna_k32_architecture,nt_v2_500m,esm1b_650m,PyTorch_CrossAttn,0.7792,0.6992,0.9062,0.6725,0.7894,0.5865,0.888,0.8611,0.9284,0.7884,0.8539,0.946,0.8198,0.7762,0.9652,0.8938,dna_LVD_L2+dna_LVD_Relative+prot_LLR+prot_LVD_Cosine+prot_LVD_Relative+dna_LID
Train3Val_ProteinGym,mean,bio_core_dna_prot_spliceai_geom_lid_dna_k8,nt_v2_500m,esm1b_650m,Pure_XGBoost_Concat,0.7717,0.683,0.933,0.6362,0.7887,0.5853,0.9084,0.8923,0.9291,0.7735,0.8883,0.9387,0.8269,0.7855,0.9726,0.9111,dna_LVD_L2+dna_LVD_Relative+prot_LLR+prot_LVD_Cosine+prot_LVD_Relative+dna_LID
Train3Val_ProteinGym,mean,bio_core_dna_prot_spliceai_geom_lid_both_k32,nt_v2_500m,esm1b_650m,Pure_XGBoost_Concat,0.7697,0.6804,0.9345,0.6312,0.7875,0.5828,0.9113,0.8965,0.928,0.7699,0.8883,0.9374,0.8249,0.783,0.972,0.9065,dna_LVD_L2+dna_LVD_Relative+prot_LLR+prot_LVD_Cosine+prot_LVD_Relative+dna_LID+prot_LID
Train3Val_ProteinGym,mean,bio_core_dna_prot_spliceai_geom_lid_dna_k32_architecture,nt_v2_500m,esm1b_650m,Hybrid_CrossAttn_XGBoost,0.7738,0.689,0.9196,0.6512,0.7878,0.5828,0.8971,0.8816,0.9202,0.7505,0.8711,0.9317,0.8063,0.7597,0.967,0.8979,dna_LVD_L2+dna_LVD_Relative+prot_LLR+prot_LVD_Cosine+prot_LVD_Relative+dna_LID
Train3Val_ProteinGym,mean,bio_core_dna_prot_spliceai_geom_lid_both_k16,nt_v2_500m,esm1b_650m,Pure_XGBoost_Concat,0.7704,0.6819,0.9315,0.635,0.7874,0.5825,0.9091,0.8962,0.9294,0.773,0.8921,0.9382,0.8283,0.7873,0.9718,0.9053,dna_LVD_L2+dna_LVD_Relative+prot_LLR+prot_LVD_Cosine+prot_LVD_Relative+dna_LID+prot_LID
Train3Val_ProteinGym,mean,bio_core_dna_prot_spliceai_geom_lid_dna_k16,nt_v2_500m,esm1b_650m,Pure_XGBoost_Concat,0.7711,0.6839,0.9271,0.64,0.7871,0.5816,0.9109,0.8983,0.9277,0.7676,0.891,0.9364,0.8247,0.783,0.9729,0.9113,dna_LVD_L2+dna_LVD_Relative+prot_LLR+prot_LVD_Cosine+prot_LVD_Relative+dna_LID
Train3Val_ProteinGym,mean,bio_core_dna_prot_spliceai_geom_lid_prot_k32,nt_v2_500m,esm1b_650m,Pure_XGBoost_Concat,0.7677,0.6782,0.9345,0.6275,0.786,0.5795,0.9104,0.9008,0.9289,0.7704,0.8936,0.9372,0.8275,0.7864,0.9727,0.9106,dna_LVD_L2+dna_LVD_Relative+prot_LLR+prot_LVD_Cosine+prot_LVD_Relative+prot_LID
Train3Val_ProteinGym,mean,bio_core_dna_prot_spliceai_geom_lid_prot_k16,nt_v2_500m,esm1b_650m,Pure_XGBoost_Concat,0.7656,0.6771,0.9301,0.6275,0.7837,0.5743,0.9111,0.898,0.9283,0.7712,0.8871,0.9379,0.8251,0.7833,0.9723,0.9082,dna_LVD_L2+dna_LVD_Relative+prot_LLR+prot_LVD_Cosine+prot_LVD_Relative+prot_LID
Train3Val_Test,mean,bio_core_dna_prot_spliceai_geom_lid_both_k64,nt_v2_500m,esm1b_650m,Pure_XGBoost_Concat,0.9193,0.8221,0.8975,0.9274,0.8581,0.8034,0.9691,0.9327,0.9277,0.7694,0.8871,0.9373,0.8241,0.782,0.9723,0.9099,dna_LVD_L2+dna_LVD_Relative+prot_LLR+prot_LVD_Cosine+prot_LVD_Relative+dna_LID+prot_LID
Train3Val_Test,mean,bio_core_dna_prot_spliceai_geom_lid_prot_k64,nt_v2_500m,esm1b_650m,Pure_XGBoost_Concat,0.9196,0.8281,0.889,0.931,0.8575,0.8026,0.969,0.9324,0.9289,0.7703,0.894,0.9371,0.8275,0.7865,0.972,0.9083,dna_LVD_L2+dna_LVD_Relative+prot_LLR+prot_LVD_Cosine+prot_LVD_Relative+prot_LID
Train3Val_Test,mean,bio_core_dna_prot_spliceai_geom_lid_dna_k8,nt_v2_500m,esm1b_650m,Pure_XGBoost_Concat,0.9181,0.8221,0.892,0.9279,0.8557,0.7999,0.9689,0.9328,0.9291,0.7735,0.8883,0.9387,0.8269,0.7855,0.9726,0.9111,dna_LVD_L2+dna_LVD_Relative+prot_LLR+prot_LVD_Cosine+prot_LVD_Relative+dna_LID
Train3Val_Test,mean,bio_core_dna_prot_spliceai_geom_lid_both_k8,nt_v2_500m,esm1b_650m,Pure_XGBoost_Concat,0.9181,0.8232,0.8902,0.9286,0.8554,0.7996,0.9692,0.935,0.9282,0.7693,0.8906,0.937,0.8255,0.7839,0.973,0.9104,dna_LVD_L2+dna_LVD_Relative+prot_LLR+prot_LVD_Cosine+prot_LVD_Relative+dna_LID+prot_LID
Train3Val_Test,mean,bio_core_dna_prot_spliceai_geom_lid_dna_k32_architecture,nt_v2_500m,esm1b_650m,Pure_XGBoost_Concat,0.9175,0.8192,0.8938,0.9263,0.8549,0.7989,0.9683,0.9325,0.929,0.7705,0.894,0.9372,0.8277,0.7867,0.9729,0.911,dna_LVD_L2+dna_LVD_Relative+prot_LLR+prot_LVD_Cosine+prot_LVD_Relative+dna_LID
Train3Val_Test,mean,bio_core_dna_prot_spliceai_geom_lid_dna_k32,nt_v2_500m,esm1b_650m,Pure_XGBoost_Concat,0.9173,0.8209,0.8902,0.9274,0.8542,0.7979,0.9692,0.9334,0.9296,0.7733,0.8925,0.9383,0.8286,0.7878,0.9726,0.9093,dna_LVD_L2+dna_LVD_Relative+prot_LLR+prot_LVD_Cosine+prot_LVD_Relative+dna_LID
Train3Val_Test,mean,bio_core_dna_prot_spliceai_geom_lid_dna_k64,nt_v2_500m,esm1b_650m,Pure_XGBoost_Concat,0.9171,0.8201,0.8908,0.927,0.854,0.7976,0.9683,0.9325,0.9291,0.7731,0.8891,0.9385,0.827,0.7857,0.9719,0.9091,dna_LVD_L2+dna_LVD_Relative+prot_LLR+prot_LVD_Cosine+prot_LVD_Relative+dna_LID
Train3Val_Test,mean,bio_core_dna_prot_spliceai_geom_lid_dna_k16,nt_v2_500m,esm1b_650m,Pure_XGBoost_Concat,0.917,0.8193,0.8914,0.9265,0.8538,0.7974,0.9693,0.9332,0.9277,0.7676,0.891,0.9364,0.8247,0.783,0.9729,0.9113,dna_LVD_L2+dna_LVD_Relative+prot_LLR+prot_LVD_Cosine+prot_LVD_Relative+dna_LID
Train3Val_Test,mean,bio_core_dna_prot_spliceai_geom_lid_both_k16,nt_v2_500m,esm1b_650m,Pure_XGBoost_Concat,0.9168,0.8178,0.8932,0.9256,0.8538,0.7974,0.9693,0.9338,0.9294,0.773,0.8921,0.9382,0.8283,0.7873,0.9718,0.9053,dna_LVD_L2+dna_LVD_Relative+prot_LLR+prot_LVD_Cosine+prot_LVD_Relative+dna_LID+prot_LID
Train3Val_Test,mean,bio_core_dna_prot_spliceai_geom_lid_control,nt_v2_500m,esm1b_650m,Pure_XGBoost_Concat,0.9167,0.8166,0.8945,0.9249,0.8538,0.7973,0.9692,0.9346,0.9291,0.7713,0.8929,0.9376,0.8277,0.7866,0.9728,0.9107,dna_LVD_L2+dna_LVD_Relative+prot_LLR+prot_LVD_Cosine+prot_LVD_Relative
Train3Val_Test,mean,bio_core_dna_prot_spliceai_geom_lid_both_k32,nt_v2_500m,esm1b_650m,Pure_XGBoost_Concat,0.916,0.8162,0.892,0.9249,0.8524,0.7954,0.9691,0.9332,0.928,0.7699,0.8883,0.9374,0.8249,0.783,0.972,0.9065,dna_LVD_L2+dna_LVD_Relative+prot_LLR+prot_LVD_Cosine+prot_LVD_Relative+dna_LID+prot_LID
Train3Val_Test,mean,bio_core_dna_prot_spliceai_geom_lid_prot_k32,nt_v2_500m,esm1b_650m,Pure_XGBoost_Concat,0.9162,0.8184,0.889,0.9263,0.8523,0.7952,0.9679,0.9321,0.9289,0.7704,0.8936,0.9372,0.8275,0.7864,0.9727,0.9106,dna_LVD_L2+dna_LVD_Relative+prot_LLR+prot_LVD_Cosine+prot_LVD_Relative+prot_LID
Train3Val_Test,mean,bio_core_dna_prot_spliceai_geom_lid_prot_k16,nt_v2_500m,esm1b_650m,Pure_XGBoost_Concat,0.9148,0.8145,0.8896,0.9243,0.8504,0.7925,0.9686,0.9333,0.9283,0.7712,0.8871,0.9379,0.8251,0.7833,0.9723,0.9082,dna_LVD_L2+dna_LVD_Relative+prot_LLR+prot_LVD_Cosine+prot_LVD_Relative+prot_LID
Train3Val_Test,mean,bio_core_dna_prot_spliceai_geom_lid_prot_k8,nt_v2_500m,esm1b_650m,Pure_XGBoost_Concat,0.9145,0.8125,0.8914,0.9231,0.8502,0.7922,0.969,0.9317,0.9263,0.7642,0.8875,0.9354,0.8212,0.7786,0.9716,0.9095,dna_LVD_L2+dna_LVD_Relative+prot_LLR+prot_LVD_Cosine+prot_LVD_Relative+prot_LID
Train3Val_Test,mean,bio_core_dna_prot_spliceai_geom_lid_dna_k32_architecture,nt_v2_500m,esm1b_650m,PyTorch_Concat,0.9163,0.8574,0.8305,0.9484,0.8438,0.7868,0.9619,0.9189,0.933,0.8232,0.8263,0.9581,0.8247,0.7833,0.9667,0.8962,dna_LVD_L2+dna_LVD_Relative+prot_LLR+prot_LVD_Cosine+prot_LVD_Relative+dna_LID
Train3Val_Test,mean,bio_core_dna_prot_spliceai_geom_lid_dna_k32_architecture,nt_v2_500m,esm1b_650m,Hybrid_Transformer_XGBoost,0.9121,0.8096,0.8848,0.9222,0.8455,0.7857,0.961,0.9162,0.921,0.7501,0.8783,0.931,0.8092,0.7635,0.9664,0.8959,dna_LVD_L2+dna_LVD_Relative+prot_LLR+prot_LVD_Cosine+prot_LVD_Relative+dna_LID
Train3Val_Test,mean,bio_core_dna_prot_spliceai_geom_lid_dna_k32_architecture,nt_v2_500m,esm1b_650m,PyTorch_Transformer,0.9147,0.8444,0.8414,0.9421,0.8429,0.7843,0.9608,0.9152,0.9319,0.8133,0.8347,0.9548,0.8239,0.7818,0.9666,0.8964,dna_LVD_L2+dna_LVD_Relative+prot_LLR+prot_LVD_Cosine+prot_LVD_Relative+dna_LID
Train3Val_Test,mean,bio_core_dna_prot_spliceai_geom_lid_dna_k32_architecture,nt_v2_500m,esm1b_650m,Hybrid_Concat_XGBoost,0.9094,0.8052,0.88,0.9204,0.8409,0.7793,0.9618,0.9192,0.922,0.7538,0.8783,0.9324,0.8113,0.7661,0.9666,0.8975,dna_LVD_L2+dna_LVD_Relative+prot_LLR+prot_LVD_Cosine+prot_LVD_Relative+dna_LID
Train3Val_Test,mean,bio_core_dna_prot_spliceai_geom_lid_dna_k32_architecture,nt_v2_500m,esm1b_650m,PyTorch_CrossAttn,0.9107,0.8254,0.8522,0.9326,0.8386,0.7771,0.9588,0.9152,0.9284,0.7884,0.8539,0.946,0.8198,0.7762,0.9652,0.8938,dna_LVD_L2+dna_LVD_Relative+prot_LLR+prot_LVD_Cosine+prot_LVD_Relative+dna_LID
Train3Val_Test,mean,bio_core_dna_prot_spliceai_geom_lid_dna_k32_architecture,nt_v2_500m,esm1b_650m,Hybrid_Gating_XGBoost,0.9073,0.7981,0.8824,0.9166,0.8382,0.7753,0.9615,0.9179,0.9222,0.7556,0.8753,0.9333,0.8111,0.7657,0.9658,0.8958,dna_LVD_L2+dna_LVD_Relative+prot_LLR+prot_LVD_Cosine+prot_LVD_Relative+dna_LID
Train3Val_Test,mean,bio_core_dna_prot_spliceai_geom_lid_dna_k32_architecture,nt_v2_500m,esm1b_650m,Hybrid_CrossAttn_XGBoost,0.9065,0.7979,0.8788,0.9168,0.8364,0.7729,0.9593,0.9136,0.9202,0.7505,0.8711,0.9317,0.8063,0.7597,0.967,0.8979,dna_LVD_L2+dna_LVD_Relative+prot_LLR+prot_LVD_Cosine+prot_LVD_Relative+dna_LID
Train3Val_Test,mean,bio_core_dna_prot_spliceai_geom_lid_dna_k32_architecture,nt_v2_500m,esm1b_650m,PyTorch_Gating,0.9083,0.8193,0.8504,0.9299,0.8346,0.7714,0.9603,0.9154,0.9272,0.789,0.8439,0.9468,0.8155,0.7709,0.966,0.8945,dna_LVD_L2+dna_LVD_Relative+prot_LLR+prot_LVD_Cosine+prot_LVD_Relative+dna_LID
Train3Val_UniProt,mean,bio_core_dna_prot_spliceai_geom_lid_dna_k32_architecture,nt_v2_500m,esm1b_650m,PyTorch_Transformer,0.7397,0.7383,0.7395,0.7399,0.7389,0.4794,0.7933,0.7766,0.9319,0.8133,0.8347,0.9548,0.8239,0.7818,0.9666,0.8964,dna_LVD_L2+dna_LVD_Relative+prot_LLR+prot_LVD_Cosine+prot_LVD_Relative+dna_LID
Train3Val_UniProt,mean,bio_core_dna_prot_spliceai_geom_lid_dna_k32_architecture,nt_v2_500m,esm1b_650m,Pure_XGBoost_Concat,0.7359,0.7091,0.7967,0.6756,0.7504,0.4757,0.789,0.7707,0.929,0.7705,0.894,0.9372,0.8277,0.7867,0.9729,0.911,dna_LVD_L2+dna_LVD_Relative+prot_LLR+prot_LVD_Cosine+prot_LVD_Relative+dna_LID
Train3Val_UniProt,mean,bio_core_dna_prot_spliceai_geom_lid_dna_k8,nt_v2_500m,esm1b_650m,Pure_XGBoost_Concat,0.7352,0.7071,0.7997,0.6712,0.7505,0.4747,0.7917,0.7753,0.9291,0.7735,0.8883,0.9387,0.8269,0.7855,0.9726,0.9111,dna_LVD_L2+dna_LVD_Relative+prot_LLR+prot_LVD_Cosine+prot_LVD_Relative+dna_LID
Train3Val_UniProt,mean,bio_core_dna_prot_spliceai_geom_lid_dna_k32_architecture,nt_v2_500m,esm1b_650m,PyTorch_Concat,0.7337,0.7359,0.7259,0.7414,0.7309,0.4674,0.7816,0.7645,0.933,0.8232,0.8263,0.9581,0.8247,0.7833,0.9667,0.8962,dna_LVD_L2+dna_LVD_Relative+prot_LLR+prot_LVD_Cosine+prot_LVD_Relative+dna_LID
Train3Val_UniProt,mean,bio_core_dna_prot_spliceai_geom_lid_both_k64,nt_v2_500m,esm1b_650m,Pure_XGBoost_Concat,0.7314,0.7035,0.7967,0.6667,0.7472,0.4672,0.7937,0.7783,0.9277,0.7694,0.8871,0.9373,0.8241,0.782,0.9723,0.9099,dna_LVD_L2+dna_LVD_Relative+prot_LLR+prot_LVD_Cosine+prot_LVD_Relative+dna_LID+prot_LID
Train3Val_UniProt,mean,bio_core_dna_prot_spliceai_geom_lid_both_k8,nt_v2_500m,esm1b_650m,Pure_XGBoost_Concat,0.7314,0.7056,0.7907,0.6726,0.7457,0.4665,0.7918,0.7772,0.9282,0.7693,0.8906,0.937,0.8255,0.7839,0.973,0.9104,dna_LVD_L2+dna_LVD_Relative+prot_LLR+prot_LVD_Cosine+prot_LVD_Relative+dna_LID+prot_LID
Train3Val_UniProt,mean,bio_core_dna_prot_spliceai_geom_lid_control,nt_v2_500m,esm1b_650m,Pure_XGBoost_Concat,0.7307,0.7015,0.7997,0.6622,0.7474,0.4662,0.7891,0.7696,0.9291,0.7713,0.8929,0.9376,0.8277,0.7866,0.9728,0.9107,dna_LVD_L2+dna_LVD_Relative+prot_LLR+prot_LVD_Cosine+prot_LVD_Relative
Train3Val_UniProt,mean,bio_core_dna_prot_spliceai_geom_lid_dna_k16,nt_v2_500m,esm1b_650m,Pure_XGBoost_Concat,0.7307,0.7036,0.7937,0.6682,0.7459,0.4654,0.7911,0.7774,0.9277,0.7676,0.891,0.9364,0.8247,0.783,0.9729,0.9113,dna_LVD_L2+dna_LVD_Relative+prot_LLR+prot_LVD_Cosine+prot_LVD_Relative+dna_LID
Train3Val_UniProt,mean,bio_core_dna_prot_spliceai_geom_lid_prot_k64,nt_v2_500m,esm1b_650m,Pure_XGBoost_Concat,0.7307,0.7041,0.7922,0.6697,0.7456,0.4652,0.7912,0.7735,0.9289,0.7703,0.894,0.9371,0.8275,0.7865,0.972,0.9083,dna_LVD_L2+dna_LVD_Relative+prot_LLR+prot_LVD_Cosine+prot_LVD_Relative+prot_LID
Train3Val_UniProt,mean,bio_core_dna_prot_spliceai_geom_lid_prot_k8,nt_v2_500m,esm1b_650m,Pure_XGBoost_Concat,0.7307,0.7052,0.7892,0.6726,0.7448,0.4649,0.7908,0.7707,0.9263,0.7642,0.8875,0.9354,0.8212,0.7786,0.9716,0.9095,dna_LVD_L2+dna_LVD_Relative+prot_LLR+prot_LVD_Cosine+prot_LVD_Relative+prot_LID
Train3Val_UniProt,mean,bio_core_dna_prot_spliceai_geom_lid_dna_k32,nt_v2_500m,esm1b_650m,Pure_XGBoost_Concat,0.7307,0.7052,0.7892,0.6726,0.7448,0.4649,0.7892,0.7675,0.9296,0.7733,0.8925,0.9383,0.8286,0.7878,0.9726,0.9093,dna_LVD_L2+dna_LVD_Relative+prot_LLR+prot_LVD_Cosine+prot_LVD_Relative+dna_LID
Train3Val_UniProt,mean,bio_core_dna_prot_spliceai_geom_lid_dna_k32_architecture,nt_v2_500m,esm1b_650m,Hybrid_Transformer_XGBoost,0.7299,0.706,0.7846,0.6756,0.7432,0.4629,0.7846,0.7676,0.921,0.7501,0.8783,0.931,0.8092,0.7635,0.9664,0.8959,dna_LVD_L2+dna_LVD_Relative+prot_LLR+prot_LVD_Cosine+prot_LVD_Relative+dna_LID
Train3Val_UniProt,mean,bio_core_dna_prot_spliceai_geom_lid_both_k16,nt_v2_500m,esm1b_650m,Pure_XGBoost_Concat,0.7269,0.6984,0.7952,0.6592,0.7437,0.4585,0.7906,0.7719,0.9294,0.773,0.8921,0.9382,0.8283,0.7873,0.9718,0.9053,dna_LVD_L2+dna_LVD_Relative+prot_LLR+prot_LVD_Cosine+prot_LVD_Relative+dna_LID+prot_LID
Train3Val_UniProt,mean,bio_core_dna_prot_spliceai_geom_lid_dna_k32_architecture,nt_v2_500m,esm1b_650m,Hybrid_Concat_XGBoost,0.7254,0.7008,0.7831,0.6682,0.7397,0.4542,0.7902,0.7726,0.922,0.7538,0.8783,0.9324,0.8113,0.7661,0.9666,0.8975,dna_LVD_L2+dna_LVD_Relative+prot_LLR+prot_LVD_Cosine+prot_LVD_Relative+dna_LID
Train3Val_UniProt,mean,bio_core_dna_prot_spliceai_geom_lid_dna_k32_architecture,nt_v2_500m,esm1b_650m,PyTorch_Gating,0.7262,0.7145,0.75,0.7025,0.7318,0.453,0.7829,0.7636,0.9272,0.789,0.8439,0.9468,0.8155,0.7709,0.966,0.8945,dna_LVD_L2+dna_LVD_Relative+prot_LLR+prot_LVD_Cosine+prot_LVD_Relative+dna_LID
Train3Val_UniProt,mean,bio_core_dna_prot_spliceai_geom_lid_dna_k64,nt_v2_500m,esm1b_650m,Pure_XGBoost_Concat,0.7232,0.6985,0.7816,0.6652,0.7377,0.4498,0.7886,0.7724,0.9291,0.7731,0.8891,0.9385,0.827,0.7857,0.9719,0.9091,dna_LVD_L2+dna_LVD_Relative+prot_LLR+prot_LVD_Cosine+prot_LVD_Relative+dna_LID
Train3Val_UniProt,mean,bio_core_dna_prot_spliceai_geom_lid_prot_k16,nt_v2_500m,esm1b_650m,Pure_XGBoost_Concat,0.7194,0.6918,0.7877,0.6517,0.7366,0.4434,0.7901,0.7715,0.9283,0.7712,0.8871,0.9379,0.8251,0.7833,0.9723,0.9082,dna_LVD_L2+dna_LVD_Relative+prot_LLR+prot_LVD_Cosine+prot_LVD_Relative+prot_LID
Train3Val_UniProt,mean,bio_core_dna_prot_spliceai_geom_lid_both_k32,nt_v2_500m,esm1b_650m,Pure_XGBoost_Concat,0.7194,0.6928,0.7846,0.6547,0.7359,0.443,0.7907,0.7791,0.928,0.7699,0.8883,0.9374,0.8249,0.783,0.972,0.9065,dna_LVD_L2+dna_LVD_Relative+prot_LLR+prot_LVD_Cosine+prot_LVD_Relative+dna_LID+prot_LID
Train3Val_UniProt,mean,bio_core_dna_prot_spliceai_geom_lid_dna_k32_architecture,nt_v2_500m,esm1b_650m,Hybrid_CrossAttn_XGBoost,0.7187,0.6977,0.7681,0.6697,0.7312,0.4398,0.7829,0.7696,0.9202,0.7505,0.8711,0.9317,0.8063,0.7597,0.967,0.8979,dna_LVD_L2+dna_LVD_Relative+prot_LLR+prot_LVD_Cosine+prot_LVD_Relative+dna_LID
Train3Val_UniProt,mean,bio_core_dna_prot_spliceai_geom_lid_dna_k32_architecture,nt_v2_500m,esm1b_650m,Hybrid_Gating_XGBoost,0.7164,0.6922,0.7756,0.6577,0.7315,0.4363,0.777,0.7525,0.9222,0.7556,0.8753,0.9333,0.8111,0.7657,0.9658,0.8958,dna_LVD_L2+dna_LVD_Relative+prot_LLR+prot_LVD_Cosine+prot_LVD_Relative+dna_LID
Train3Val_UniProt,mean,bio_core_dna_prot_spliceai_geom_lid_prot_k32,nt_v2_500m,esm1b_650m,Pure_XGBoost_Concat,0.7157,0.6913,0.7756,0.6562,0.731,0.4348,0.7827,0.7646,0.9289,0.7704,0.8936,0.9372,0.8275,0.7864,0.9727,0.9106,dna_LVD_L2+dna_LVD_Relative+prot_LLR+prot_LVD_Cosine+prot_LVD_Relative+prot_LID
Train3Val_UniProt,mean,bio_core_dna_prot_spliceai_geom_lid_dna_k32_architecture,nt_v2_500m,esm1b_650m,PyTorch_CrossAttn,0.7119,0.7017,0.7334,0.6906,0.7172,0.4244,0.7747,0.764,0.9284,0.7884,0.8539,0.946,0.8198,0.7762,0.9652,0.8938,dna_LVD_L2+dna_LVD_Relative+prot_LLR+prot_LVD_Cosine+prot_LVD_Relative+dna_LID
