Experiment,Geom_Features,FM_GFLOPs/Sample,FM_Latency_ms/Sample,Geom_GFLOPs/Sample,Geom_Latency_ms/Sample,Classifier_GFLOPs/Sample,Classifier_Latency_ms/Sample,Classifier_Total_Params,Classifier_Param_Mem_MB,Classifier_XGB_Model_Mem_MB,Classifier_Peak_VRAM_MB,E2E_GFLOPs/Sample,E2E_Latency_ms/Sample,E2E_Total_Params,E2E_Param_Mem_MB,Max_Peak_VRAM_MB
train3__val_mean_bio_core_dna_prot_spliceai_geom_lid_control_nt_v2_500m_esm1b_650m_Pure_XGBoost_Concat__geom_dna_LVD_L2+dna_LVD_Relative+prot_LLR+prot_LVD_Cosine+prot_LVD_Relative__Train3Val_Test,dna_LVD_L2+dna_LVD_Relative+prot_LLR+prot_LVD_Cosine+prot_LVD_Relative,234.4491,10.05,0.0,0.84,0.0,0.01,0,0.68,0.68,8.63,234.4491,10.89,1150704530,2195.48,1961.98
train3__val_mean_bio_core_dna_prot_spliceai_geom_lid_control_nt_v2_500m_esm1b_650m_Pure_XGBoost_Concat__geom_dna_LVD_L2+dna_LVD_Relative+prot_LLR+prot_LVD_Cosine+prot_LVD_Relative__Train3Val_ClinVarHQ,dna_LVD_L2+dna_LVD_Relative+prot_LLR+prot_LVD_Cosine+prot_LVD_Relative,234.4491,10.34,0.0,1.06,0.0,0.01,0,0.68,0.68,8.63,234.4491,11.41,1150704530,2195.48,1961.98
train3__val_mean_bio_core_dna_prot_spliceai_geom_lid_control_nt_v2_500m_esm1b_650m_Pure_XGBoost_Concat__geom_dna_LVD_L2+dna_LVD_Relative+prot_LLR+prot_LVD_Cosine+prot_LVD_Relative__Train3Val_UniProt,dna_LVD_L2+dna_LVD_Relative+prot_LLR+prot_LVD_Cosine+prot_LVD_Relative,234.4491,10.36,0.0,0.91,0.0,0.01,0,0.68,0.68,8.63,234.4491,11.28,1150704530,2195.48,1961.98
train3__val_mean_bio_core_dna_prot_spliceai_geom_lid_control_nt_v2_500m_esm1b_650m_Pure_XGBoost_Concat__geom_dna_LVD_L2+dna_LVD_Relative+prot_LLR+prot_LVD_Cosine+prot_LVD_Relative__Train3Val_ProteinGym,dna_LVD_L2+dna_LVD_Relative+prot_LLR+prot_LVD_Cosine+prot_LVD_Relative,234.4491,10.38,0.0,0.88,0.0,0.01,0,0.68,0.68,8.63,234.4491,11.27,1150704530,2195.48,1961.98
train3__val_mean_bio_core_dna_prot_spliceai_geom_lid_dna_k8_nt_v2_500m_esm1b_650m_Pure_XGBoost_Concat__geom_dna_LVD_L2+dna_LVD_Relative+prot_LLR+prot_LVD_Cosine+prot_LVD_Relative+dna_LID__Train3Val_Test,dna_LVD_L2+dna_LVD_Relative+prot_LLR+prot_LVD_Cosine+prot_LVD_Relative+dna_LID,234.4491,10.05,0.0,0.84,0.0,0.01,0,0.9,0.9,8.63,234.4491,10.89,1150704530,2195.7,1961.98
train3__val_mean_bio_core_dna_prot_spliceai_geom_lid_dna_k8_nt_v2_500m_esm1b_650m_Pure_XGBoost_Concat__geom_dna_LVD_L2+dna_LVD_Relative+prot_LLR+prot_LVD_Cosine+prot_LVD_Relative+dna_LID__Train3Val_ClinVarHQ,dna_LVD_L2+dna_LVD_Relative+prot_LLR+prot_LVD_Cosine+prot_LVD_Relative+dna_LID,234.4491,10.34,0.0,1.06,0.0,0.01,0,0.9,0.9,8.63,234.4491,11.41,1150704530,2195.7,1961.98
train3__val_mean_bio_core_dna_prot_spliceai_geom_lid_dna_k8_nt_v2_500m_esm1b_650m_Pure_XGBoost_Concat__geom_dna_LVD_L2+dna_LVD_Relative+prot_LLR+prot_LVD_Cosine+prot_LVD_Relative+dna_LID__Train3Val_UniProt,dna_LVD_L2+dna_LVD_Relative+prot_LLR+prot_LVD_Cosine+prot_LVD_Relative+dna_LID,234.4491,10.36,0.0,0.91,0.0,0.01,0,0.9,0.9,8.63,234.4491,11.28,1150704530,2195.7,1961.98
train3__val_mean_bio_core_dna_prot_spliceai_geom_lid_dna_k8_nt_v2_500m_esm1b_650m_Pure_XGBoost_Concat__geom_dna_LVD_L2+dna_LVD_Relative+prot_LLR+prot_LVD_Cosine+prot_LVD_Relative+dna_LID__Train3Val_ProteinGym,dna_LVD_L2+dna_LVD_Relative+prot_LLR+prot_LVD_Cosine+prot_LVD_Relative+dna_LID,234.4491,10.38,0.0,0.88,0.0,0.01,0,0.9,0.9,8.63,234.4491,11.27,1150704530,2195.7,1961.98
train3__val_mean_bio_core_dna_prot_spliceai_geom_lid_prot_k8_nt_v2_500m_esm1b_650m_Pure_XGBoost_Concat__geom_dna_LVD_L2+dna_LVD_Relative+prot_LLR+prot_LVD_Cosine+prot_LVD_Relative+prot_LID__Train3Val_Test,dna_LVD_L2+dna_LVD_Relative+prot_LLR+prot_LVD_Cosine+prot_LVD_Relative+prot_LID,234.4491,10.05,0.0,0.84,0.0,0.01,0,0.65,0.65,8.63,234.4491,10.89,1150704530,2195.45,1961.98
train3__val_mean_bio_core_dna_prot_spliceai_geom_lid_prot_k8_nt_v2_500m_esm1b_650m_Pure_XGBoost_Concat__geom_dna_LVD_L2+dna_LVD_Relative+prot_LLR+prot_LVD_Cosine+prot_LVD_Relative+prot_LID__Train3Val_ClinVarHQ,dna_LVD_L2+dna_LVD_Relative+prot_LLR+prot_LVD_Cosine+prot_LVD_Relative+prot_LID,234.4491,10.34,0.0,1.06,0.0,0.01,0,0.65,0.65,8.63,234.4491,11.41,1150704530,2195.45,1961.98
train3__val_mean_bio_core_dna_prot_spliceai_geom_lid_prot_k8_nt_v2_500m_esm1b_650m_Pure_XGBoost_Concat__geom_dna_LVD_L2+dna_LVD_Relative+prot_LLR+prot_LVD_Cosine+prot_LVD_Relative+prot_LID__Train3Val_UniProt,dna_LVD_L2+dna_LVD_Relative+prot_LLR+prot_LVD_Cosine+prot_LVD_Relative+prot_LID,234.4491,10.36,0.0,0.91,0.0,0.01,0,0.65,0.65,8.63,234.4491,11.28,1150704530,2195.45,1961.98
train3__val_mean_bio_core_dna_prot_spliceai_geom_lid_prot_k8_nt_v2_500m_esm1b_650m_Pure_XGBoost_Concat__geom_dna_LVD_L2+dna_LVD_Relative+prot_LLR+prot_LVD_Cosine+prot_LVD_Relative+prot_LID__Train3Val_ProteinGym,dna_LVD_L2+dna_LVD_Relative+prot_LLR+prot_LVD_Cosine+prot_LVD_Relative+prot_LID,234.4491,10.38,0.0,0.88,0.0,0.01,0,0.65,0.65,8.63,234.4491,11.27,1150704530,2195.45,1961.98
train3__val_mean_bio_core_dna_prot_spliceai_geom_lid_both_k8_nt_v2_500m_esm1b_650m_Pure_XGBoost_Concat__geom_dna_LVD_L2+dna_LVD_Relative+prot_LLR+prot_LVD_Cosine+prot_LVD_Relative+dna_LID+prot_LID__Train3Val_Test,dna_LVD_L2+dna_LVD_Relative+prot_LLR+prot_LVD_Cosine+prot_LVD_Relative+dna_LID+prot_LID,234.4491,10.05,0.0,0.84,0.0,0.01,0,0.83,0.83,8.63,234.4491,10.89,1150704530,2195.63,1961.98
train3__val_mean_bio_core_dna_prot_spliceai_geom_lid_both_k8_nt_v2_500m_esm1b_650m_Pure_XGBoost_Concat__geom_dna_LVD_L2+dna_LVD_Relative+prot_LLR+prot_LVD_Cosine+prot_LVD_Relative+dna_LID+prot_LID__Train3Val_ClinVarHQ,dna_LVD_L2+dna_LVD_Relative+prot_LLR+prot_LVD_Cosine+prot_LVD_Relative+dna_LID+prot_LID,234.4491,10.34,0.0,1.06,0.0,0.01,0,0.83,0.83,8.63,234.4491,11.41,1150704530,2195.63,1961.98
train3__val_mean_bio_core_dna_prot_spliceai_geom_lid_both_k8_nt_v2_500m_esm1b_650m_Pure_XGBoost_Concat__geom_dna_LVD_L2+dna_LVD_Relative+prot_LLR+prot_LVD_Cosine+prot_LVD_Relative+dna_LID+prot_LID__Train3Val_UniProt,dna_LVD_L2+dna_LVD_Relative+prot_LLR+prot_LVD_Cosine+prot_LVD_Relative+dna_LID+prot_LID,234.4491,10.36,0.0,0.91,0.0,0.01,0,0.83,0.83,8.63,234.4491,11.28,1150704530,2195.63,1961.98
train3__val_mean_bio_core_dna_prot_spliceai_geom_lid_both_k8_nt_v2_500m_esm1b_650m_Pure_XGBoost_Concat__geom_dna_LVD_L2+dna_LVD_Relative+prot_LLR+prot_LVD_Cosine+prot_LVD_Relative+dna_LID+prot_LID__Train3Val_ProteinGym,dna_LVD_L2+dna_LVD_Relative+prot_LLR+prot_LVD_Cosine+prot_LVD_Relative+dna_LID+prot_LID,234.4491,10.38,0.0,0.88,0.0,0.01,0,0.83,0.83,8.63,234.4491,11.27,1150704530,2195.63,1961.98
train3__val_mean_bio_core_dna_prot_spliceai_geom_lid_dna_k16_nt_v2_500m_esm1b_650m_Pure_XGBoost_Concat__geom_dna_LVD_L2+dna_LVD_Relative+prot_LLR+prot_LVD_Cosine+prot_LVD_Relative+dna_LID__Train3Val_Test,dna_LVD_L2+dna_LVD_Relative+prot_LLR+prot_LVD_Cosine+prot_LVD_Relative+dna_LID,234.4491,10.05,0.0,0.84,0.0,0.01,0,0.82,0.82,8.63,234.4491,10.89,1150704530,2195.62,1961.98
train3__val_mean_bio_core_dna_prot_spliceai_geom_lid_dna_k16_nt_v2_500m_esm1b_650m_Pure_XGBoost_Concat__geom_dna_LVD_L2+dna_LVD_Relative+prot_LLR+prot_LVD_Cosine+prot_LVD_Relative+dna_LID__Train3Val_ClinVarHQ,dna_LVD_L2+dna_LVD_Relative+prot_LLR+prot_LVD_Cosine+prot_LVD_Relative+dna_LID,234.4491,10.34,0.0,1.06,0.0,0.01,0,0.82,0.82,8.63,234.4491,11.41,1150704530,2195.62,1961.98
train3__val_mean_bio_core_dna_prot_spliceai_geom_lid_dna_k16_nt_v2_500m_esm1b_650m_Pure_XGBoost_Concat__geom_dna_LVD_L2+dna_LVD_Relative+prot_LLR+prot_LVD_Cosine+prot_LVD_Relative+dna_LID__Train3Val_UniProt,dna_LVD_L2+dna_LVD_Relative+prot_LLR+prot_LVD_Cosine+prot_LVD_Relative+dna_LID,234.4491,10.36,0.0,0.91,0.0,0.01,0,0.82,0.82,8.63,234.4491,11.28,1150704530,2195.62,1961.98
train3__val_mean_bio_core_dna_prot_spliceai_geom_lid_dna_k16_nt_v2_500m_esm1b_650m_Pure_XGBoost_Concat__geom_dna_LVD_L2+dna_LVD_Relative+prot_LLR+prot_LVD_Cosine+prot_LVD_Relative+dna_LID__Train3Val_ProteinGym,dna_LVD_L2+dna_LVD_Relative+prot_LLR+prot_LVD_Cosine+prot_LVD_Relative+dna_LID,234.4491,10.38,0.0,0.88,0.0,0.01,0,0.82,0.82,8.63,234.4491,11.27,1150704530,2195.62,1961.98
train3__val_mean_bio_core_dna_prot_spliceai_geom_lid_prot_k16_nt_v2_500m_esm1b_650m_Pure_XGBoost_Concat__geom_dna_LVD_L2+dna_LVD_Relative+prot_LLR+prot_LVD_Cosine+prot_LVD_Relative+prot_LID__Train3Val_Test,dna_LVD_L2+dna_LVD_Relative+prot_LLR+prot_LVD_Cosine+prot_LVD_Relative+prot_LID,234.4491,10.05,0.0,0.84,0.0,0.01,0,0.69,0.69,8.63,234.4491,10.89,1150704530,2195.49,1961.98
train3__val_mean_bio_core_dna_prot_spliceai_geom_lid_prot_k16_nt_v2_500m_esm1b_650m_Pure_XGBoost_Concat__geom_dna_LVD_L2+dna_LVD_Relative+prot_LLR+prot_LVD_Cosine+prot_LVD_Relative+prot_LID__Train3Val_ClinVarHQ,dna_LVD_L2+dna_LVD_Relative+prot_LLR+prot_LVD_Cosine+prot_LVD_Relative+prot_LID,234.4491,10.34,0.0,1.06,0.0,0.01,0,0.69,0.69,8.63,234.4491,11.41,1150704530,2195.49,1961.98
train3__val_mean_bio_core_dna_prot_spliceai_geom_lid_prot_k16_nt_v2_500m_esm1b_650m_Pure_XGBoost_Concat__geom_dna_LVD_L2+dna_LVD_Relative+prot_LLR+prot_LVD_Cosine+prot_LVD_Relative+prot_LID__Train3Val_UniProt,dna_LVD_L2+dna_LVD_Relative+prot_LLR+prot_LVD_Cosine+prot_LVD_Relative+prot_LID,234.4491,10.36,0.0,0.91,0.0,0.01,0,0.69,0.69,8.63,234.4491,11.28,1150704530,2195.49,1961.98
train3__val_mean_bio_core_dna_prot_spliceai_geom_lid_prot_k16_nt_v2_500m_esm1b_650m_Pure_XGBoost_Concat__geom_dna_LVD_L2+dna_LVD_Relative+prot_LLR+prot_LVD_Cosine+prot_LVD_Relative+prot_LID__Train3Val_ProteinGym,dna_LVD_L2+dna_LVD_Relative+prot_LLR+prot_LVD_Cosine+prot_LVD_Relative+prot_LID,234.4491,10.38,0.0,0.88,0.0,0.01,0,0.69,0.69,8.63,234.4491,11.27,1150704530,2195.49,1961.98
train3__val_mean_bio_core_dna_prot_spliceai_geom_lid_both_k16_nt_v2_500m_esm1b_650m_Pure_XGBoost_Concat__geom_dna_LVD_L2+dna_LVD_Relative+prot_LLR+prot_LVD_Cosine+prot_LVD_Relative+dna_LID+prot_LID__Train3Val_Test,dna_LVD_L2+dna_LVD_Relative+prot_LLR+prot_LVD_Cosine+prot_LVD_Relative+dna_LID+prot_LID,234.4491,10.05,0.0,0.84,0.0,0.01,0,0.78,0.78,8.63,234.4491,10.89,1150704530,2195.58,1961.98
train3__val_mean_bio_core_dna_prot_spliceai_geom_lid_both_k16_nt_v2_500m_esm1b_650m_Pure_XGBoost_Concat__geom_dna_LVD_L2+dna_LVD_Relative+prot_LLR+prot_LVD_Cosine+prot_LVD_Relative+dna_LID+prot_LID__Train3Val_ClinVarHQ,dna_LVD_L2+dna_LVD_Relative+prot_LLR+prot_LVD_Cosine+prot_LVD_Relative+dna_LID+prot_LID,234.4491,10.34,0.0,1.06,0.0,0.01,0,0.78,0.78,8.63,234.4491,11.41,1150704530,2195.58,1961.98
train3__val_mean_bio_core_dna_prot_spliceai_geom_lid_both_k16_nt_v2_500m_esm1b_650m_Pure_XGBoost_Concat__geom_dna_LVD_L2+dna_LVD_Relative+prot_LLR+prot_LVD_Cosine+prot_LVD_Relative+dna_LID+prot_LID__Train3Val_UniProt,dna_LVD_L2+dna_LVD_Relative+prot_LLR+prot_LVD_Cosine+prot_LVD_Relative+dna_LID+prot_LID,234.4491,10.36,0.0,0.91,0.0,0.01,0,0.78,0.78,8.63,234.4491,11.28,1150704530,2195.58,1961.98
train3__val_mean_bio_core_dna_prot_spliceai_geom_lid_both_k16_nt_v2_500m_esm1b_650m_Pure_XGBoost_Concat__geom_dna_LVD_L2+dna_LVD_Relative+prot_LLR+prot_LVD_Cosine+prot_LVD_Relative+dna_LID+prot_LID__Train3Val_ProteinGym,dna_LVD_L2+dna_LVD_Relative+prot_LLR+prot_LVD_Cosine+prot_LVD_Relative+dna_LID+prot_LID,234.4491,10.38,0.0,0.88,0.0,0.01,0,0.78,0.78,8.63,234.4491,11.27,1150704530,2195.58,1961.98
train3__val_mean_bio_core_dna_prot_spliceai_geom_lid_dna_k32_nt_v2_500m_esm1b_650m_Pure_XGBoost_Concat__geom_dna_LVD_L2+dna_LVD_Relative+prot_LLR+prot_LVD_Cosine+prot_LVD_Relative+dna_LID__Train3Val_Test,dna_LVD_L2+dna_LVD_Relative+prot_LLR+prot_LVD_Cosine+prot_LVD_Relative+dna_LID,234.4491,10.05,0.0,0.84,0.0,0.01,0,0.8,0.8,8.63,234.4491,10.89,1150704530,2195.6,1961.98
train3__val_mean_bio_core_dna_prot_spliceai_geom_lid_dna_k32_nt_v2_500m_esm1b_650m_Pure_XGBoost_Concat__geom_dna_LVD_L2+dna_LVD_Relative+prot_LLR+prot_LVD_Cosine+prot_LVD_Relative+dna_LID__Train3Val_ClinVarHQ,dna_LVD_L2+dna_LVD_Relative+prot_LLR+prot_LVD_Cosine+prot_LVD_Relative+dna_LID,234.4491,10.34,0.0,1.06,0.0,0.01,0,0.8,0.8,8.63,234.4491,11.41,1150704530,2195.6,1961.98
train3__val_mean_bio_core_dna_prot_spliceai_geom_lid_dna_k32_nt_v2_500m_esm1b_650m_Pure_XGBoost_Concat__geom_dna_LVD_L2+dna_LVD_Relative+prot_LLR+prot_LVD_Cosine+prot_LVD_Relative+dna_LID__Train3Val_UniProt,dna_LVD_L2+dna_LVD_Relative+prot_LLR+prot_LVD_Cosine+prot_LVD_Relative+dna_LID,234.4491,10.36,0.0,0.91,0.0,0.01,0,0.8,0.8,8.63,234.4491,11.28,1150704530,2195.6,1961.98
train3__val_mean_bio_core_dna_prot_spliceai_geom_lid_dna_k32_nt_v2_500m_esm1b_650m_Pure_XGBoost_Concat__geom_dna_LVD_L2+dna_LVD_Relative+prot_LLR+prot_LVD_Cosine+prot_LVD_Relative+dna_LID__Train3Val_ProteinGym,dna_LVD_L2+dna_LVD_Relative+prot_LLR+prot_LVD_Cosine+prot_LVD_Relative+dna_LID,234.4491,10.38,0.0,0.88,0.0,0.01,0,0.8,0.8,8.63,234.4491,11.27,1150704530,2195.6,1961.98
train3__val_mean_bio_core_dna_prot_spliceai_geom_lid_prot_k32_nt_v2_500m_esm1b_650m_Pure_XGBoost_Concat__geom_dna_LVD_L2+dna_LVD_Relative+prot_LLR+prot_LVD_Cosine+prot_LVD_Relative+prot_LID__Train3Val_Test,dna_LVD_L2+dna_LVD_Relative+prot_LLR+prot_LVD_Cosine+prot_LVD_Relative+prot_LID,234.4491,10.05,0.0,0.84,0.0,0.01,0,0.87,0.87,8.63,234.4491,10.89,1150704530,2195.67,1961.98
train3__val_mean_bio_core_dna_prot_spliceai_geom_lid_prot_k32_nt_v2_500m_esm1b_650m_Pure_XGBoost_Concat__geom_dna_LVD_L2+dna_LVD_Relative+prot_LLR+prot_LVD_Cosine+prot_LVD_Relative+prot_LID__Train3Val_ClinVarHQ,dna_LVD_L2+dna_LVD_Relative+prot_LLR+prot_LVD_Cosine+prot_LVD_Relative+prot_LID,234.4491,10.34,0.0,1.06,0.0,0.01,0,0.87,0.87,8.63,234.4491,11.41,1150704530,2195.67,1961.98
train3__val_mean_bio_core_dna_prot_spliceai_geom_lid_prot_k32_nt_v2_500m_esm1b_650m_Pure_XGBoost_Concat__geom_dna_LVD_L2+dna_LVD_Relative+prot_LLR+prot_LVD_Cosine+prot_LVD_Relative+prot_LID__Train3Val_UniProt,dna_LVD_L2+dna_LVD_Relative+prot_LLR+prot_LVD_Cosine+prot_LVD_Relative+prot_LID,234.4491,10.36,0.0,0.91,0.0,0.01,0,0.87,0.87,8.63,234.4491,11.28,1150704530,2195.67,1961.98
train3__val_mean_bio_core_dna_prot_spliceai_geom_lid_prot_k32_nt_v2_500m_esm1b_650m_Pure_XGBoost_Concat__geom_dna_LVD_L2+dna_LVD_Relative+prot_LLR+prot_LVD_Cosine+prot_LVD_Relative+prot_LID__Train3Val_ProteinGym,dna_LVD_L2+dna_LVD_Relative+prot_LLR+prot_LVD_Cosine+prot_LVD_Relative+prot_LID,234.4491,10.38,0.0,0.88,0.0,0.01,0,0.87,0.87,8.63,234.4491,11.27,1150704530,2195.67,1961.98
train3__val_mean_bio_core_dna_prot_spliceai_geom_lid_both_k32_nt_v2_500m_esm1b_650m_Pure_XGBoost_Concat__geom_dna_LVD_L2+dna_LVD_Relative+prot_LLR+prot_LVD_Cosine+prot_LVD_Relative+dna_LID+prot_LID__Train3Val_Test,dna_LVD_L2+dna_LVD_Relative+prot_LLR+prot_LVD_Cosine+prot_LVD_Relative+dna_LID+prot_LID,234.4491,10.05,0.0,0.84,0.0,0.01,0,0.76,0.76,8.63,234.4491,10.89,1150704530,2195.56,1961.98
train3__val_mean_bio_core_dna_prot_spliceai_geom_lid_both_k32_nt_v2_500m_esm1b_650m_Pure_XGBoost_Concat__geom_dna_LVD_L2+dna_LVD_Relative+prot_LLR+prot_LVD_Cosine+prot_LVD_Relative+dna_LID+prot_LID__Train3Val_ClinVarHQ,dna_LVD_L2+dna_LVD_Relative+prot_LLR+prot_LVD_Cosine+prot_LVD_Relative+dna_LID+prot_LID,234.4491,10.34,0.0,1.06,0.0,0.01,0,0.76,0.76,8.63,234.4491,11.41,1150704530,2195.56,1961.98
train3__val_mean_bio_core_dna_prot_spliceai_geom_lid_both_k32_nt_v2_500m_esm1b_650m_Pure_XGBoost_Concat__geom_dna_LVD_L2+dna_LVD_Relative+prot_LLR+prot_LVD_Cosine+prot_LVD_Relative+dna_LID+prot_LID__Train3Val_UniProt,dna_LVD_L2+dna_LVD_Relative+prot_LLR+prot_LVD_Cosine+prot_LVD_Relative+dna_LID+prot_LID,234.4491,10.36,0.0,0.91,0.0,0.01,0,0.76,0.76,8.63,234.4491,11.28,1150704530,2195.56,1961.98
train3__val_mean_bio_core_dna_prot_spliceai_geom_lid_both_k32_nt_v2_500m_esm1b_650m_Pure_XGBoost_Concat__geom_dna_LVD_L2+dna_LVD_Relative+prot_LLR+prot_LVD_Cosine+prot_LVD_Relative+dna_LID+prot_LID__Train3Val_ProteinGym,dna_LVD_L2+dna_LVD_Relative+prot_LLR+prot_LVD_Cosine+prot_LVD_Relative+dna_LID+prot_LID,234.4491,10.38,0.0,0.88,0.0,0.01,0,0.76,0.76,8.63,234.4491,11.27,1150704530,2195.56,1961.98
train3__val_mean_bio_core_dna_prot_spliceai_geom_lid_dna_k64_nt_v2_500m_esm1b_650m_Pure_XGBoost_Concat__geom_dna_LVD_L2+dna_LVD_Relative+prot_LLR+prot_LVD_Cosine+prot_LVD_Relative+dna_LID__Train3Val_Test,dna_LVD_L2+dna_LVD_Relative+prot_LLR+prot_LVD_Cosine+prot_LVD_Relative+dna_LID,234.4491,10.05,0.0,0.84,0.0,0.01,0,0.84,0.84,8.63,234.4491,10.89,1150704530,2195.64,1961.98
train3__val_mean_bio_core_dna_prot_spliceai_geom_lid_dna_k64_nt_v2_500m_esm1b_650m_Pure_XGBoost_Concat__geom_dna_LVD_L2+dna_LVD_Relative+prot_LLR+prot_LVD_Cosine+prot_LVD_Relative+dna_LID__Train3Val_ClinVarHQ,dna_LVD_L2+dna_LVD_Relative+prot_LLR+prot_LVD_Cosine+prot_LVD_Relative+dna_LID,234.4491,10.34,0.0,1.06,0.0,0.01,0,0.84,0.84,8.63,234.4491,11.41,1150704530,2195.64,1961.98
train3__val_mean_bio_core_dna_prot_spliceai_geom_lid_dna_k64_nt_v2_500m_esm1b_650m_Pure_XGBoost_Concat__geom_dna_LVD_L2+dna_LVD_Relative+prot_LLR+prot_LVD_Cosine+prot_LVD_Relative+dna_LID__Train3Val_UniProt,dna_LVD_L2+dna_LVD_Relative+prot_LLR+prot_LVD_Cosine+prot_LVD_Relative+dna_LID,234.4491,10.36,0.0,0.91,0.0,0.01,0,0.84,0.84,8.63,234.4491,11.28,1150704530,2195.64,1961.98
train3__val_mean_bio_core_dna_prot_spliceai_geom_lid_dna_k64_nt_v2_500m_esm1b_650m_Pure_XGBoost_Concat__geom_dna_LVD_L2+dna_LVD_Relative+prot_LLR+prot_LVD_Cosine+prot_LVD_Relative+dna_LID__Train3Val_ProteinGym,dna_LVD_L2+dna_LVD_Relative+prot_LLR+prot_LVD_Cosine+prot_LVD_Relative+dna_LID,234.4491,10.38,0.0,0.88,0.0,0.01,0,0.84,0.84,8.63,234.4491,11.28,1150704530,2195.64,1961.98
train3__val_mean_bio_core_dna_prot_spliceai_geom_lid_prot_k64_nt_v2_500m_esm1b_650m_Pure_XGBoost_Concat__geom_dna_LVD_L2+dna_LVD_Relative+prot_LLR+prot_LVD_Cosine+prot_LVD_Relative+prot_LID__Train3Val_Test,dna_LVD_L2+dna_LVD_Relative+prot_LLR+prot_LVD_Cosine+prot_LVD_Relative+prot_LID,234.4491,10.05,0.0,0.84,0.0,0.01,0,0.76,0.76,8.63,234.4491,10.89,1150704530,2195.56,1961.98
train3__val_mean_bio_core_dna_prot_spliceai_geom_lid_prot_k64_nt_v2_500m_esm1b_650m_Pure_XGBoost_Concat__geom_dna_LVD_L2+dna_LVD_Relative+prot_LLR+prot_LVD_Cosine+prot_LVD_Relative+prot_LID__Train3Val_ClinVarHQ,dna_LVD_L2+dna_LVD_Relative+prot_LLR+prot_LVD_Cosine+prot_LVD_Relative+prot_LID,234.4491,10.34,0.0,1.06,0.0,0.01,0,0.76,0.76,8.63,234.4491,11.41,1150704530,2195.56,1961.98
train3__val_mean_bio_core_dna_prot_spliceai_geom_lid_prot_k64_nt_v2_500m_esm1b_650m_Pure_XGBoost_Concat__geom_dna_LVD_L2+dna_LVD_Relative+prot_LLR+prot_LVD_Cosine+prot_LVD_Relative+prot_LID__Train3Val_UniProt,dna_LVD_L2+dna_LVD_Relative+prot_LLR+prot_LVD_Cosine+prot_LVD_Relative+prot_LID,234.4491,10.36,0.0,0.91,0.0,0.01,0,0.76,0.76,8.63,234.4491,11.28,1150704530,2195.56,1961.98
train3__val_mean_bio_core_dna_prot_spliceai_geom_lid_prot_k64_nt_v2_500m_esm1b_650m_Pure_XGBoost_Concat__geom_dna_LVD_L2+dna_LVD_Relative+prot_LLR+prot_LVD_Cosine+prot_LVD_Relative+prot_LID__Train3Val_ProteinGym,dna_LVD_L2+dna_LVD_Relative+prot_LLR+prot_LVD_Cosine+prot_LVD_Relative+prot_LID,234.4491,10.38,0.0,0.88,0.0,0.01,0,0.76,0.76,8.63,234.4491,11.27,1150704530,2195.56,1961.98
train3__val_mean_bio_core_dna_prot_spliceai_geom_lid_both_k64_nt_v2_500m_esm1b_650m_Pure_XGBoost_Concat__geom_dna_LVD_L2+dna_LVD_Relative+prot_LLR+prot_LVD_Cosine+prot_LVD_Relative+dna_LID+prot_LID__Train3Val_Test,dna_LVD_L2+dna_LVD_Relative+prot_LLR+prot_LVD_Cosine+prot_LVD_Relative+dna_LID+prot_LID,234.4491,10.05,0.0,0.84,0.0,0.01,0,0.8,0.8,8.63,234.4491,10.89,1150704530,2195.6,1961.98
train3__val_mean_bio_core_dna_prot_spliceai_geom_lid_both_k64_nt_v2_500m_esm1b_650m_Pure_XGBoost_Concat__geom_dna_LVD_L2+dna_LVD_Relative+prot_LLR+prot_LVD_Cosine+prot_LVD_Relative+dna_LID+prot_LID__Train3Val_ClinVarHQ,dna_LVD_L2+dna_LVD_Relative+prot_LLR+prot_LVD_Cosine+prot_LVD_Relative+dna_LID+prot_LID,234.4491,10.34,0.0,1.06,0.0,0.01,0,0.8,0.8,8.63,234.4491,11.41,1150704530,2195.6,1961.98
train3__val_mean_bio_core_dna_prot_spliceai_geom_lid_both_k64_nt_v2_500m_esm1b_650m_Pure_XGBoost_Concat__geom_dna_LVD_L2+dna_LVD_Relative+prot_LLR+prot_LVD_Cosine+prot_LVD_Relative+dna_LID+prot_LID__Train3Val_UniProt,dna_LVD_L2+dna_LVD_Relative+prot_LLR+prot_LVD_Cosine+prot_LVD_Relative+dna_LID+prot_LID,234.4491,10.36,0.0,0.91,0.0,0.01,0,0.8,0.8,8.63,234.4491,11.28,1150704530,2195.6,1961.98
train3__val_mean_bio_core_dna_prot_spliceai_geom_lid_both_k64_nt_v2_500m_esm1b_650m_Pure_XGBoost_Concat__geom_dna_LVD_L2+dna_LVD_Relative+prot_LLR+prot_LVD_Cosine+prot_LVD_Relative+dna_LID+prot_LID__Train3Val_ProteinGym,dna_LVD_L2+dna_LVD_Relative+prot_LLR+prot_LVD_Cosine+prot_LVD_Relative+dna_LID+prot_LID,234.4491,10.38,0.0,0.88,0.0,0.01,0,0.8,0.8,8.63,234.4491,11.27,1150704530,2195.6,1961.98
train3__val_mean_bio_core_dna_prot_spliceai_geom_lid_dna_k32_architecture_nt_v2_500m_esm1b_650m_PyTorch_Concat__geom_dna_LVD_L2+dna_LVD_Relative+prot_LLR+prot_LVD_Cosine+prot_LVD_Relative+dna_LID__Train3Val_Test,dna_LVD_L2+dna_LVD_Relative+prot_LLR+prot_LVD_Cosine+prot_LVD_Relative+dna_LID,234.4491,10.05,0.0,0.84,0.0,0.0,1665025,6.35,0.0,51.24,234.4491,10.89,1152369555,2201.15,1961.98
train3__val_mean_bio_core_dna_prot_spliceai_geom_lid_dna_k32_architecture_nt_v2_500m_esm1b_650m_PyTorch_Concat__geom_dna_LVD_L2+dna_LVD_Relative+prot_LLR+prot_LVD_Cosine+prot_LVD_Relative+dna_LID__Train3Val_ClinVarHQ,dna_LVD_L2+dna_LVD_Relative+prot_LLR+prot_LVD_Cosine+prot_LVD_Relative+dna_LID,234.4491,10.34,0.0,1.06,0.0,0.0,1665025,6.35,0.0,32.56,234.4491,11.41,1152369555,2201.15,1961.98
train3__val_mean_bio_core_dna_prot_spliceai_geom_lid_dna_k32_architecture_nt_v2_500m_esm1b_650m_PyTorch_Concat__geom_dna_LVD_L2+dna_LVD_Relative+prot_LLR+prot_LVD_Cosine+prot_LVD_Relative+dna_LID__Train3Val_UniProt,dna_LVD_L2+dna_LVD_Relative+prot_LLR+prot_LVD_Cosine+prot_LVD_Relative+dna_LID,234.4491,10.36,0.0,0.91,0.0,0.0,1665025,6.35,0.0,32.56,234.4491,11.27,1152369555,2201.15,1961.98
train3__val_mean_bio_core_dna_prot_spliceai_geom_lid_dna_k32_architecture_nt_v2_500m_esm1b_650m_PyTorch_Concat__geom_dna_LVD_L2+dna_LVD_Relative+prot_LLR+prot_LVD_Cosine+prot_LVD_Relative+dna_LID__Train3Val_ProteinGym,dna_LVD_L2+dna_LVD_Relative+prot_LLR+prot_LVD_Cosine+prot_LVD_Relative+dna_LID,234.4491,10.38,0.0,0.88,0.0,0.01,1665025,6.35,0.0,32.56,234.4491,11.27,1152369555,2201.15,1961.98
train3__val_mean_bio_core_dna_prot_spliceai_geom_lid_dna_k32_architecture_nt_v2_500m_esm1b_650m_PyTorch_CrossAttn__geom_dna_LVD_L2+dna_LVD_Relative+prot_LLR+prot_LVD_Cosine+prot_LVD_Relative+dna_LID__Train3Val_Test,dna_LVD_L2+dna_LVD_Relative+prot_LLR+prot_LVD_Cosine+prot_LVD_Relative+dna_LID,234.4491,10.05,0.0,0.84,0.0,0.0,3766273,14.37,0.0,87.93,234.4491,10.89,1154470803,2209.17,1961.98
train3__val_mean_bio_core_dna_prot_spliceai_geom_lid_dna_k32_architecture_nt_v2_500m_esm1b_650m_PyTorch_CrossAttn__geom_dna_LVD_L2+dna_LVD_Relative+prot_LLR+prot_LVD_Cosine+prot_LVD_Relative+dna_LID__Train3Val_ClinVarHQ,dna_LVD_L2+dna_LVD_Relative+prot_LLR+prot_LVD_Cosine+prot_LVD_Relative+dna_LID,234.4491,10.34,0.0,1.06,0.0,0.01,3766273,14.37,0.0,41.7,234.4491,11.41,1154470803,2209.17,1961.98
train3__val_mean_bio_core_dna_prot_spliceai_geom_lid_dna_k32_architecture_nt_v2_500m_esm1b_650m_PyTorch_CrossAttn__geom_dna_LVD_L2+dna_LVD_Relative+prot_LLR+prot_LVD_Cosine+prot_LVD_Relative+dna_LID__Train3Val_UniProt,dna_LVD_L2+dna_LVD_Relative+prot_LLR+prot_LVD_Cosine+prot_LVD_Relative+dna_LID,234.4491,10.36,0.0,0.91,0.0,0.0,3766273,14.37,0.0,41.7,234.4491,11.27,1154470803,2209.17,1961.98
train3__val_mean_bio_core_dna_prot_spliceai_geom_lid_dna_k32_architecture_nt_v2_500m_esm1b_650m_PyTorch_CrossAttn__geom_dna_LVD_L2+dna_LVD_Relative+prot_LLR+prot_LVD_Cosine+prot_LVD_Relative+dna_LID__Train3Val_ProteinGym,dna_LVD_L2+dna_LVD_Relative+prot_LLR+prot_LVD_Cosine+prot_LVD_Relative+dna_LID,234.4491,10.38,0.0,0.88,0.0,0.01,3766273,14.37,0.0,41.7,234.4491,11.27,1154470803,2209.17,1961.98
train3__val_mean_bio_core_dna_prot_spliceai_geom_lid_dna_k32_architecture_nt_v2_500m_esm1b_650m_PyTorch_Transformer__geom_dna_LVD_L2+dna_LVD_Relative+prot_LLR+prot_LVD_Cosine+prot_LVD_Relative+dna_LID__Train3Val_Test,dna_LVD_L2+dna_LVD_Relative+prot_LLR+prot_LVD_Cosine+prot_LVD_Relative+dna_LID,234.4491,10.05,0.0,0.84,0.0,0.0,4818433,18.38,0.0,106.23,234.4491,10.89,1155522963,2213.18,1961.98
train3__val_mean_bio_core_dna_prot_spliceai_geom_lid_dna_k32_architecture_nt_v2_500m_esm1b_650m_PyTorch_Transformer__geom_dna_LVD_L2+dna_LVD_Relative+prot_LLR+prot_LVD_Cosine+prot_LVD_Relative+dna_LID__Train3Val_ClinVarHQ,dna_LVD_L2+dna_LVD_Relative+prot_LLR+prot_LVD_Cosine+prot_LVD_Relative+dna_LID,234.4491,10.34,0.0,1.06,0.0,0.01,4818433,18.38,0.0,49.08,234.4491,11.41,1155522963,2213.18,1961.98
train3__val_mean_bio_core_dna_prot_spliceai_geom_lid_dna_k32_architecture_nt_v2_500m_esm1b_650m_PyTorch_Transformer__geom_dna_LVD_L2+dna_LVD_Relative+prot_LLR+prot_LVD_Cosine+prot_LVD_Relative+dna_LID__Train3Val_UniProt,dna_LVD_L2+dna_LVD_Relative+prot_LLR+prot_LVD_Cosine+prot_LVD_Relative+dna_LID,234.4491,10.36,0.0,0.91,0.0,0.0,4818433,18.38,0.0,49.08,234.4491,11.27,1155522963,2213.18,1961.98
train3__val_mean_bio_core_dna_prot_spliceai_geom_lid_dna_k32_architecture_nt_v2_500m_esm1b_650m_PyTorch_Transformer__geom_dna_LVD_L2+dna_LVD_Relative+prot_LLR+prot_LVD_Cosine+prot_LVD_Relative+dna_LID__Train3Val_ProteinGym,dna_LVD_L2+dna_LVD_Relative+prot_LLR+prot_LVD_Cosine+prot_LVD_Relative+dna_LID,234.4491,10.38,0.0,0.88,0.0,0.01,4818433,18.38,0.0,49.08,234.4491,11.27,1155522963,2213.18,1961.98
train3__val_mean_bio_core_dna_prot_spliceai_geom_lid_dna_k32_architecture_nt_v2_500m_esm1b_650m_PyTorch_Gating__geom_dna_LVD_L2+dna_LVD_Relative+prot_LLR+prot_LVD_Cosine+prot_LVD_Relative+dna_LID__Train3Val_Test,dna_LVD_L2+dna_LVD_Relative+prot_LLR+prot_LVD_Cosine+prot_LVD_Relative+dna_LID,234.4491,10.05,0.0,0.84,0.0,0.0,1992193,7.6,0.0,58.23,234.4491,10.89,1152696723,2202.4,1961.98
train3__val_mean_bio_core_dna_prot_spliceai_geom_lid_dna_k32_architecture_nt_v2_500m_esm1b_650m_PyTorch_Gating__geom_dna_LVD_L2+dna_LVD_Relative+prot_LLR+prot_LVD_Cosine+prot_LVD_Relative+dna_LID__Train3Val_ClinVarHQ,dna_LVD_L2+dna_LVD_Relative+prot_LLR+prot_LVD_Cosine+prot_LVD_Relative+dna_LID,234.4491,10.34,0.0,1.06,0.0,0.01,1992193,7.6,0.0,34.18,234.4491,11.41,1152696723,2202.4,1961.98
train3__val_mean_bio_core_dna_prot_spliceai_geom_lid_dna_k32_architecture_nt_v2_500m_esm1b_650m_PyTorch_Gating__geom_dna_LVD_L2+dna_LVD_Relative+prot_LLR+prot_LVD_Cosine+prot_LVD_Relative+dna_LID__Train3Val_UniProt,dna_LVD_L2+dna_LVD_Relative+prot_LLR+prot_LVD_Cosine+prot_LVD_Relative+dna_LID,234.4491,10.36,0.0,0.91,0.0,0.01,1992193,7.6,0.0,34.18,234.4491,11.28,1152696723,2202.4,1961.98
train3__val_mean_bio_core_dna_prot_spliceai_geom_lid_dna_k32_architecture_nt_v2_500m_esm1b_650m_PyTorch_Gating__geom_dna_LVD_L2+dna_LVD_Relative+prot_LLR+prot_LVD_Cosine+prot_LVD_Relative+dna_LID__Train3Val_ProteinGym,dna_LVD_L2+dna_LVD_Relative+prot_LLR+prot_LVD_Cosine+prot_LVD_Relative+dna_LID,234.4491,10.38,0.0,0.88,0.0,0.01,1992193,7.6,0.0,34.18,234.4491,11.27,1152696723,2202.4,1961.98
train3__val_mean_bio_core_dna_prot_spliceai_geom_lid_dna_k32_architecture_nt_v2_500m_esm1b_650m_Pure_XGBoost_Concat__geom_dna_LVD_L2+dna_LVD_Relative+prot_LLR+prot_LVD_Cosine+prot_LVD_Relative+dna_LID__Train3Val_Test,dna_LVD_L2+dna_LVD_Relative+prot_LLR+prot_LVD_Cosine+prot_LVD_Relative+dna_LID,234.4491,10.05,0.0,0.84,0.0,0.01,0,0.88,0.88,26.5,234.4491,10.89,1150704530,2195.68,1961.98
train3__val_mean_bio_core_dna_prot_spliceai_geom_lid_dna_k32_architecture_nt_v2_500m_esm1b_650m_Pure_XGBoost_Concat__geom_dna_LVD_L2+dna_LVD_Relative+prot_LLR+prot_LVD_Cosine+prot_LVD_Relative+dna_LID__Train3Val_ClinVarHQ,dna_LVD_L2+dna_LVD_Relative+prot_LLR+prot_LVD_Cosine+prot_LVD_Relative+dna_LID,234.4491,10.34,0.0,1.06,0.0,0.01,0,0.88,0.88,26.5,234.4491,11.41,1150704530,2195.68,1961.98
train3__val_mean_bio_core_dna_prot_spliceai_geom_lid_dna_k32_architecture_nt_v2_500m_esm1b_650m_Pure_XGBoost_Concat__geom_dna_LVD_L2+dna_LVD_Relative+prot_LLR+prot_LVD_Cosine+prot_LVD_Relative+dna_LID__Train3Val_UniProt,dna_LVD_L2+dna_LVD_Relative+prot_LLR+prot_LVD_Cosine+prot_LVD_Relative+dna_LID,234.4491,10.36,0.0,0.91,0.0,0.01,0,0.88,0.88,26.5,234.4491,11.28,1150704530,2195.68,1961.98
train3__val_mean_bio_core_dna_prot_spliceai_geom_lid_dna_k32_architecture_nt_v2_500m_esm1b_650m_Pure_XGBoost_Concat__geom_dna_LVD_L2+dna_LVD_Relative+prot_LLR+prot_LVD_Cosine+prot_LVD_Relative+dna_LID__Train3Val_ProteinGym,dna_LVD_L2+dna_LVD_Relative+prot_LLR+prot_LVD_Cosine+prot_LVD_Relative+dna_LID,234.4491,10.38,0.0,0.88,0.0,0.01,0,0.88,0.88,26.5,234.4491,11.27,1150704530,2195.68,1961.98
train3__val_mean_bio_core_dna_prot_spliceai_geom_lid_dna_k32_architecture_nt_v2_500m_esm1b_650m_Hybrid_Concat_XGBoost__geom_dna_LVD_L2+dna_LVD_Relative+prot_LLR+prot_LVD_Cosine+prot_LVD_Relative+dna_LID__Train3Val_Test,dna_LVD_L2+dna_LVD_Relative+prot_LLR+prot_LVD_Cosine+prot_LVD_Relative+dna_LID,234.4491,10.05,0.0,0.84,0.0,0.03,1665025,7.17,0.82,53.01,234.4491,10.91,1152369555,2201.97,1961.98
train3__val_mean_bio_core_dna_prot_spliceai_geom_lid_dna_k32_architecture_nt_v2_500m_esm1b_650m_Hybrid_Concat_XGBoost__geom_dna_LVD_L2+dna_LVD_Relative+prot_LLR+prot_LVD_Cosine+prot_LVD_Relative+dna_LID__Train3Val_ClinVarHQ,dna_LVD_L2+dna_LVD_Relative+prot_LLR+prot_LVD_Cosine+prot_LVD_Relative+dna_LID,234.4491,10.34,0.0,1.06,0.0,0.03,1665025,7.17,0.82,34.08,234.4491,11.44,1152369555,2201.97,1961.98
train3__val_mean_bio_core_dna_prot_spliceai_geom_lid_dna_k32_architecture_nt_v2_500m_esm1b_650m_Hybrid_Concat_XGBoost__geom_dna_LVD_L2+dna_LVD_Relative+prot_LLR+prot_LVD_Cosine+prot_LVD_Relative+dna_LID__Train3Val_UniProt,dna_LVD_L2+dna_LVD_Relative+prot_LLR+prot_LVD_Cosine+prot_LVD_Relative+dna_LID,234.4491,10.36,0.0,0.91,0.0,0.03,1665025,7.17,0.82,34.08,234.4491,11.3,1152369555,2201.97,1961.98
train3__val_mean_bio_core_dna_prot_spliceai_geom_lid_dna_k32_architecture_nt_v2_500m_esm1b_650m_Hybrid_Concat_XGBoost__geom_dna_LVD_L2+dna_LVD_Relative+prot_LLR+prot_LVD_Cosine+prot_LVD_Relative+dna_LID__Train3Val_ProteinGym,dna_LVD_L2+dna_LVD_Relative+prot_LLR+prot_LVD_Cosine+prot_LVD_Relative+dna_LID,234.4491,10.38,0.0,0.88,0.0,0.03,1665025,7.17,0.82,34.08,234.4491,11.29,1152369555,2201.97,1961.98
train3__val_mean_bio_core_dna_prot_spliceai_geom_lid_dna_k32_architecture_nt_v2_500m_esm1b_650m_Hybrid_CrossAttn_XGBoost__geom_dna_LVD_L2+dna_LVD_Relative+prot_LLR+prot_LVD_Cosine+prot_LVD_Relative+dna_LID__Train3Val_Test,dna_LVD_L2+dna_LVD_Relative+prot_LLR+prot_LVD_Cosine+prot_LVD_Relative+dna_LID,234.4491,10.05,0.0,0.84,0.0,0.03,3766273,15.12,0.75,89.08,234.4491,10.91,1154470803,2209.92,1961.98
train3__val_mean_bio_core_dna_prot_spliceai_geom_lid_dna_k32_architecture_nt_v2_500m_esm1b_650m_Hybrid_CrossAttn_XGBoost__geom_dna_LVD_L2+dna_LVD_Relative+prot_LLR+prot_LVD_Cosine+prot_LVD_Relative+dna_LID__Train3Val_ClinVarHQ,dna_LVD_L2+dna_LVD_Relative+prot_LLR+prot_LVD_Cosine+prot_LVD_Relative+dna_LID,234.4491,10.34,0.0,1.06,0.0,0.03,3766273,15.12,0.75,42.6,234.4491,11.44,1154470803,2209.92,1961.98
train3__val_mean_bio_core_dna_prot_spliceai_geom_lid_dna_k32_architecture_nt_v2_500m_esm1b_650m_Hybrid_CrossAttn_XGBoost__geom_dna_LVD_L2+dna_LVD_Relative+prot_LLR+prot_LVD_Cosine+prot_LVD_Relative+dna_LID__Train3Val_UniProt,dna_LVD_L2+dna_LVD_Relative+prot_LLR+prot_LVD_Cosine+prot_LVD_Relative+dna_LID,234.4491,10.36,0.0,0.91,0.0,0.03,3766273,15.12,0.75,42.85,234.4491,11.3,1154470803,2209.92,1961.98
train3__val_mean_bio_core_dna_prot_spliceai_geom_lid_dna_k32_architecture_nt_v2_500m_esm1b_650m_Hybrid_CrossAttn_XGBoost__geom_dna_LVD_L2+dna_LVD_Relative+prot_LLR+prot_LVD_Cosine+prot_LVD_Relative+dna_LID__Train3Val_ProteinGym,dna_LVD_L2+dna_LVD_Relative+prot_LLR+prot_LVD_Cosine+prot_LVD_Relative+dna_LID,234.4491,10.38,0.0,0.88,0.0,0.03,3766273,15.12,0.75,42.85,234.4491,11.3,1154470803,2209.92,1961.98
train3__val_mean_bio_core_dna_prot_spliceai_geom_lid_dna_k32_architecture_nt_v2_500m_esm1b_650m_Hybrid_Transformer_XGBoost__geom_dna_LVD_L2+dna_LVD_Relative+prot_LLR+prot_LVD_Cosine+prot_LVD_Relative+dna_LID__Train3Val_Test,dna_LVD_L2+dna_LVD_Relative+prot_LLR+prot_LVD_Cosine+prot_LVD_Relative+dna_LID,234.4491,10.05,0.0,0.84,0.0,0.02,4818433,19.11,0.73,106.75,234.4491,10.91,1155522963,2213.91,1961.98
train3__val_mean_bio_core_dna_prot_spliceai_geom_lid_dna_k32_architecture_nt_v2_500m_esm1b_650m_Hybrid_Transformer_XGBoost__geom_dna_LVD_L2+dna_LVD_Relative+prot_LLR+prot_LVD_Cosine+prot_LVD_Relative+dna_LID__Train3Val_ClinVarHQ,dna_LVD_L2+dna_LVD_Relative+prot_LLR+prot_LVD_Cosine+prot_LVD_Relative+dna_LID,234.4491,10.34,0.0,1.06,0.0,0.06,4818433,19.11,0.73,50.11,234.4491,11.46,1155522963,2213.91,1961.98
train3__val_mean_bio_core_dna_prot_spliceai_geom_lid_dna_k32_architecture_nt_v2_500m_esm1b_650m_Hybrid_Transformer_XGBoost__geom_dna_LVD_L2+dna_LVD_Relative+prot_LLR+prot_LVD_Cosine+prot_LVD_Relative+dna_LID__Train3Val_UniProt,dna_LVD_L2+dna_LVD_Relative+prot_LLR+prot_LVD_Cosine+prot_LVD_Relative+dna_LID,234.4491,10.36,0.0,0.91,0.0,0.03,4818433,19.11,0.73,50.61,234.4491,11.3,1155522963,2213.91,1961.98
train3__val_mean_bio_core_dna_prot_spliceai_geom_lid_dna_k32_architecture_nt_v2_500m_esm1b_650m_Hybrid_Transformer_XGBoost__geom_dna_LVD_L2+dna_LVD_Relative+prot_LLR+prot_LVD_Cosine+prot_LVD_Relative+dna_LID__Train3Val_ProteinGym,dna_LVD_L2+dna_LVD_Relative+prot_LLR+prot_LVD_Cosine+prot_LVD_Relative+dna_LID,234.4491,10.38,0.0,0.88,0.0,0.03,4818433,19.11,0.73,50.61,234.4491,11.29,1155522963,2213.91,1961.98
train3__val_mean_bio_core_dna_prot_spliceai_geom_lid_dna_k32_architecture_nt_v2_500m_esm1b_650m_Hybrid_Gating_XGBoost__geom_dna_LVD_L2+dna_LVD_Relative+prot_LLR+prot_LVD_Cosine+prot_LVD_Relative+dna_LID__Train3Val_Test,dna_LVD_L2+dna_LVD_Relative+prot_LLR+prot_LVD_Cosine+prot_LVD_Relative+dna_LID,234.4491,10.05,0.0,0.84,0.0,0.02,1992193,8.21,0.61,58.75,234.4491,10.91,1152696723,2203.01,1961.98
train3__val_mean_bio_core_dna_prot_spliceai_geom_lid_dna_k32_architecture_nt_v2_500m_esm1b_650m_Hybrid_Gating_XGBoost__geom_dna_LVD_L2+dna_LVD_Relative+prot_LLR+prot_LVD_Cosine+prot_LVD_Relative+dna_LID__Train3Val_ClinVarHQ,dna_LVD_L2+dna_LVD_Relative+prot_LLR+prot_LVD_Cosine+prot_LVD_Relative+dna_LID,234.4491,10.34,0.0,1.06,0.0,0.03,1992193,8.21,0.61,34.7,234.4491,11.43,1152696723,2203.01,1961.98
train3__val_mean_bio_core_dna_prot_spliceai_geom_lid_dna_k32_architecture_nt_v2_500m_esm1b_650m_Hybrid_Gating_XGBoost__geom_dna_LVD_L2+dna_LVD_Relative+prot_LLR+prot_LVD_Cosine+prot_LVD_Relative+dna_LID__Train3Val_UniProt,dna_LVD_L2+dna_LVD_Relative+prot_LLR+prot_LVD_Cosine+prot_LVD_Relative+dna_LID,234.4491,10.36,0.0,0.91,0.0,0.03,1992193,8.21,0.61,34.7,234.4491,11.29,1152696723,2203.01,1961.98
train3__val_mean_bio_core_dna_prot_spliceai_geom_lid_dna_k32_architecture_nt_v2_500m_esm1b_650m_Hybrid_Gating_XGBoost__geom_dna_LVD_L2+dna_LVD_Relative+prot_LLR+prot_LVD_Cosine+prot_LVD_Relative+dna_LID__Train3Val_ProteinGym,dna_LVD_L2+dna_LVD_Relative+prot_LLR+prot_LVD_Cosine+prot_LVD_Relative+dna_LID,234.4491,10.38,0.0,0.88,0.0,0.03,1992193,8.21,0.61,34.7,234.4491,11.3,1152696723,2203.01,1961.98
