Dataset,Model,N,label_col,prob_col,prob_kind,threshold,pred_col,binary_metric_source,pred_known_count,pred_unknown_count,pred_positive_count,threshold_positive_count,pred_threshold_disagreement_count,module1_rule_score_col,module1_rule_threshold,module1_rule_checked_count,module1_rule_mismatch_count,current_MCC,threshold_MCC,delta_MCC_current_minus_threshold,current_F1,threshold_F1,delta_F1_current_minus_threshold
test,SIFT,6095,Label,SIFT_converted_rankscore,rankscore,0.39575,SIFT_pred,pred,6095,0,2418,2521,103,,,0,0,0.6393,0.635,0.0043,0.739,0.7341,0.0049
test,SIFT4G,6095,Label,SIFT4G_converted_rankscore,rankscore,0.39575,SIFT4G_pred,pred,6095,0,2022,2502,480,,,0,0,0.6546,0.6329,0.0217,0.7533,0.7332,0.0201
test,Polyphen2_HDIV,6095,Label,Polyphen2_HDIV_rankscore,rankscore,0.38028,Polyphen2_HDIV_pred,pred,6095,0,2468,2497,131,,,0,0,0.6427,0.6431,-0.0004,0.7402,0.7398,0.0004
test,Polyphen2_HVAR,6095,Label,Polyphen2_HVAR_rankscore,rankscore,0.48762,Polyphen2_HVAR_pred,pred,6095,0,2139,2144,137,,,0,0,0.6853,0.6893,-0.004,0.7738,0.7764,-0.0026
test,MutationTaster,6095,Label,MutationTaster_rankscore,rankscore,0.31733,MutationTaster_pred,pred,6095,0,1776,2936,1180,,,0,0,0.8908,0.6186,0.2722,0.9208,0.7127,0.2081
test,MetaSVM,6095,Label,MetaSVM_rankscore,rankscore,0.82257,MetaSVM_pred,pred,6095,0,1680,1677,3,,,0,0,0.7401,0.7396,0.0005,0.8113,0.8108,0.0005
test,MetaLR,6095,Label,MetaLR_rankscore,rankscore,0.81101,MetaLR_pred,pred,6095,0,1777,1776,1,,,0,0,0.6949,0.6953,-0.0004,0.7802,0.7804,-0.0002
test,MetaRNN,6095,Label,MetaRNN_rankscore,rankscore,0.6149,MetaRNN_pred,pred,6095,0,2003,1721,282,,,0,0,0.8384,0.8795,-0.0411,0.8812,0.9127,-0.0315
test,M-CAP,6095,Label,M-CAP_rankscore,rankscore,0.5,M-CAP_pred,pred,6095,0,2976,2870,106,,,0,0,0.5727,0.5911,-0.0184,0.6845,0.6983,-0.0138
test,REVEL,6095,Label,REVEL_rankscore,rankscore,0.5,REVEL_pred,pred,6095,0,1679,2582,903,REVEL_score,0.5,6095,0,0.8148,0.6727,0.1421,0.8654,0.7566,0.1088
test,MutPred2,6095,Label,MutPred2_rankscore,rankscore,0.5,MutPred2_pred,pred+threshold_fallback,5264,831,1230,2113,52,,,0,0,0.75,0.7454,0.0046,0.819,0.8152,0.0038
test,MVP,6095,Label,MVP_rankscore,rankscore,0.5,MVP_pred,pred,6095,0,1939,2826,887,MVP_score,0.75,6095,0,0.724,0.6072,0.1168,0.8018,0.7092,0.0926
test,gMVP,6095,Label,gMVP_rankscore,rankscore,0.5,gMVP_pred,pred,6095,0,2498,2484,14,gMVP_score,0.5,6095,0,0.6938,0.6973,-0.0035,0.7724,0.775,-0.0026
test,MisFit_D,6095,Label,MisFit_D_rankscore,rankscore,0.5,MisFit_D_pred_lenient,pred,6095,0,2167,2199,32,,,0,0,0.6844,0.6785,0.0059,0.7728,0.7685,0.0043
test,MPC,6095,Label,MPC_rankscore,rankscore,0.5,MPC_pred,pred,6095,0,588,2410,1822,MPC_score,2.0,6095,0,0.4584,0.5817,-0.1233,0.4693,0.7016,-0.2323
test,PrimateAI,6095,Label,PrimateAI_rankscore,rankscore,0.5,PrimateAI_pred,pred,6095,0,1006,2154,1148,,,0,0,0.5108,0.5916,-0.0808,0.5916,0.7099,-0.1183
test,BayesDel_addAF,6095,Label,BayesDel_addAF_rankscore,rankscore,0.5,BayesDel_addAF_pred,pred,6095,0,1694,1874,180,,,0,0,0.8553,0.8399,0.0154,0.895,0.8839,0.0111
test,BayesDel_noAF,6095,Label,BayesDel_noAF_rankscore,rankscore,0.5,BayesDel_noAF_pred,pred,6095,0,1814,2302,488,,,0,0,0.7883,0.7284,0.0599,0.8474,0.8,0.0474
test,ClinPred,6095,Label,ClinPred_rankscore,rankscore,0.5,ClinPred_pred,pred,6095,0,1934,1647,287,,,0,0,0.8341,0.8618,-0.0277,0.8792,0.8992,-0.02
test,LIST-S2,6095,Label,LIST-S2_rankscore,rankscore,0.5,LIST-S2_pred,pred,6095,0,2424,2619,195,,,0,0,0.6099,0.5873,0.0226,0.7197,0.7019,0.0178
test,VARITY_R,6095,Label,VARITY_R_rankscore,rankscore,0.5,VARITY_R_pred,pred,6095,0,1702,2077,375,VARITY_R_score,0.5,6095,0,0.8005,0.7701,0.0304,0.8554,0.8327,0.0227
test,VARITY_ER,6095,Label,VARITY_ER_rankscore,rankscore,0.5,VARITY_ER_pred,pred,6095,0,1521,2055,534,VARITY_ER_score,0.5,6095,0,0.7789,0.762,0.0169,0.8355,0.8274,0.0081
test,AlphaMissense,6095,Label,AlphaMissense_rankscore,rankscore,0.5,AlphaMissense_pred,pred+threshold_fallback,5836,259,1541,2031,231,,,0,0,0.798,0.7763,0.0217,0.8543,0.8376,0.0167
test,PHACTboost,6095,Label,PHACTboost_rankscore,rankscore,0.5,PHACTboost_pred,pred,6095,0,2033,2412,379,PHACTboost_score,0.62,6095,0,0.8265,0.7395,0.087,0.8724,0.8044,0.068
test,MutFormer,6095,Label,MutFormer_rankscore,rankscore,0.5,MutFormer_pred,pred,6095,0,1601,3351,1750,MutFormer_score,0.8838,6095,0,0.6865,0.5117,0.1748,0.7702,0.6396,0.1306
test,popEVE,6095,Label,popEVE_converted_rankscore,rankscore,0.5,popEVE_pred,pred,6095,0,372,2137,1765,,,0,0,0.4017,0.6194,-0.2177,0.3567,0.7289,-0.3722
test,CADD,6095,Label,CADD_raw_rankscore,rankscore,0.5,CADD_pred,pred,6095,0,2750,2282,468,CADD_phred,20.0,6095,0,0.6179,0.6751,-0.0572,0.7178,0.765,-0.0472
test,DANN,6095,Label,DANN_rankscore,rankscore,0.5,DANN_pred,pred,6095,0,3612,2498,1114,DANN_score,0.9,6095,0,0.4978,0.6068,-0.109,0.6247,0.7166,-0.0919
clinvarhq,SIFT,703,Label,SIFT_converted_rankscore,rankscore,0.39575,SIFT_pred,pred,703,0,464,476,12,,,0,0,0.5784,0.5803,-0.0019,0.803,0.8034,-0.0004
clinvarhq,SIFT4G,703,Label,SIFT4G_converted_rankscore,rankscore,0.39575,SIFT4G_pred,pred,703,0,405,468,63,,,0,0,0.5902,0.581,0.0092,0.8048,0.8039,0.0009
clinvarhq,Polyphen2_HDIV,703,Label,Polyphen2_HDIV_rankscore,rankscore,0.38028,Polyphen2_HDIV_pred,pred,703,0,467,472,23,,,0,0,0.5833,0.5957,-0.0124,0.8049,0.8098,-0.0049
clinvarhq,Polyphen2_HVAR,703,Label,Polyphen2_HVAR_rankscore,rankscore,0.48762,Polyphen2_HVAR_pred,pred,703,0,418,422,16,,,0,0,0.6321,0.6511,-0.019,0.8251,0.8338,-0.0087
clinvarhq,MutationTaster,703,Label,MutationTaster_rankscore,rankscore,0.31733,MutationTaster_pred,pred,703,0,370,486,118,,,0,0,0.8937,0.6493,0.2444,0.9471,0.8297,0.1174
clinvarhq,MetaSVM,703,Label,MetaSVM_rankscore,rankscore,0.82257,MetaSVM_pred,pred,703,0,362,362,0,,,0,0,0.7446,0.7446,0.0,0.8732,0.8732,0.0
clinvarhq,MetaLR,703,Label,MetaLR_rankscore,rankscore,0.81101,MetaLR_pred,pred,703,0,363,363,0,,,0,0,0.7077,0.7077,0.0,0.8551,0.8551,0.0
clinvarhq,MetaRNN,703,Label,MetaRNN_rankscore,rankscore,0.6149,MetaRNN_pred,pred,703,0,380,348,32,,,0,0,0.8957,0.909,-0.0133,0.9478,0.954,-0.0062
clinvarhq,M-CAP,703,Label,M-CAP_rankscore,rankscore,0.5,M-CAP_pred,pred,703,0,520,508,12,,,0,0,0.5485,0.5626,-0.0141,0.788,0.7944,-0.0064
clinvarhq,REVEL,703,Label,REVEL_rankscore,rankscore,0.5,REVEL_pred,pred,703,0,365,466,101,REVEL_score,0.5,703,0,0.8275,0.694,0.1335,0.9144,0.8501,0.0643
clinvarhq,MutPred2,703,Label,MutPred2_rankscore,rankscore,0.5,MutPred2_pred,pred+threshold_fallback,535,168,251,425,6,,,0,0,0.7166,0.7251,-0.0085,0.8631,0.8668,-0.0037
clinvarhq,MVP,703,Label,MVP_rankscore,rankscore,0.5,MVP_pred,pred,703,0,404,516,112,MVP_score,0.75,703,0,0.7021,0.5445,0.1576,0.8564,0.787,0.0694
clinvarhq,gMVP,703,Label,gMVP_rankscore,rankscore,0.5,gMVP_pred,pred,703,0,451,450,1,gMVP_score,0.5,703,0,0.7164,0.7187,-0.0023,0.8611,0.8622,-0.0011
clinvarhq,MisFit_D,703,Label,MisFit_D_rankscore,rankscore,0.5,MisFit_D_pred_lenient,pred,703,0,432,436,4,,,0,0,0.6614,0.6517,0.0097,0.8385,0.8342,0.0043
clinvarhq,MPC,703,Label,MPC_rankscore,rankscore,0.5,MPC_pred,pred,703,0,91,428,337,MPC_score,2.0,703,0,0.3556,0.5954,-0.2398,0.3964,0.8093,-0.4129
clinvarhq,PrimateAI,703,Label,PrimateAI_rankscore,rankscore,0.5,PrimateAI_pred,pred,703,0,195,387,192,,,0,0,0.4415,0.5687,-0.1272,0.6114,0.7918,-0.1804
clinvarhq,BayesDel_addAF,703,Label,BayesDel_addAF_rankscore,rankscore,0.5,BayesDel_addAF_pred,pred,703,0,347,370,23,,,0,0,0.889,0.888,0.001,0.9439,0.9443,-0.0004
clinvarhq,BayesDel_noAF,703,Label,BayesDel_noAF_rankscore,rankscore,0.5,BayesDel_noAF_pred,pred,703,0,381,450,69,,,0,0,0.7617,0.7187,0.043,0.8834,0.8622,0.0212
clinvarhq,ClinPred,703,Label,ClinPred_rankscore,rankscore,0.5,ClinPred_pred,pred,703,0,362,327,35,,,0,0,0.9268,0.902,0.0248,0.9634,0.9481,0.0153
clinvarhq,LIST-S2,703,Label,LIST-S2_rankscore,rankscore,0.5,LIST-S2_pred,pred,703,0,458,471,13,,,0,0,0.5629,0.5557,0.0072,0.7965,0.7937,0.0028
clinvarhq,VARITY_R,703,Label,VARITY_R_rankscore,rankscore,0.5,VARITY_R_pred,pred,703,0,369,413,44,VARITY_R_score,0.5,703,0,0.8052,0.7719,0.0333,0.9038,0.8883,0.0155
clinvarhq,VARITY_ER,703,Label,VARITY_ER_rankscore,rankscore,0.5,VARITY_ER_pred,pred,703,0,329,413,84,VARITY_ER_score,0.5,703,0,0.7705,0.7545,0.016,0.8804,0.8804,0.0
clinvarhq,AlphaMissense,703,Label,AlphaMissense_rankscore,rankscore,0.5,AlphaMissense_pred,pred+threshold_fallback,660,43,320,403,40,,,0,0,0.8216,0.7795,0.0421,0.9114,0.8921,0.0193
clinvarhq,PHACTboost,703,Label,PHACTboost_rankscore,rankscore,0.5,PHACTboost_pred,pred,703,0,403,457,54,PHACTboost_score,0.62,703,0,0.8197,0.7145,0.1052,0.9108,0.8596,0.0512
clinvarhq,MutFormer,703,Label,MutFormer_rankscore,rankscore,0.5,MutFormer_pred,pred,703,0,367,580,213,MutFormer_score,0.8838,703,0,0.7309,0.4335,0.2974,0.8671,0.7435,0.1236
clinvarhq,popEVE,703,Label,popEVE_converted_rankscore,rankscore,0.5,popEVE_pred,pred,703,0,70,390,320,,,0,0,0.3359,0.555,-0.2191,0.3349,0.7859,-0.451
clinvarhq,CADD,703,Label,CADD_raw_rankscore,rankscore,0.5,CADD_pred,pred,703,0,509,448,61,CADD_phred,20.0,703,0,0.5603,0.6405,-0.0802,0.7935,0.8291,-0.0356
clinvarhq,DANN,703,Label,DANN_rankscore,rankscore,0.5,DANN_pred,pred,703,0,598,488,110,DANN_score,0.9,703,0,0.3989,0.5584,-0.1595,0.7315,0.7943,-0.0628
uniprot,SIFT,1333,Label,SIFT_converted_rankscore,rankscore,0.39575,SIFT_pred,pred,1333,0,887,918,31,,,0,0,0.4171,0.4171,0.0,0.7389,0.7408,-0.0019
uniprot,SIFT4G,1333,Label,SIFT4G_converted_rankscore,rankscore,0.39575,SIFT4G_pred,pred,1333,0,759,904,145,,,0,0,0.4422,0.423,0.0192,0.7365,0.7423,-0.0058
uniprot,Polyphen2_HDIV,1333,Label,Polyphen2_HDIV_rankscore,rankscore,0.38028,Polyphen2_HDIV_pred,pred,1333,0,905,908,37,,,0,0,0.4473,0.453,-0.0057,0.7521,0.7545,-0.0024
uniprot,Polyphen2_HVAR,1333,Label,Polyphen2_HVAR_rankscore,rankscore,0.48762,Polyphen2_HVAR_pred,pred,1333,0,802,793,39,,,0,0,0.495,0.5073,-0.0123,0.7653,0.7701,-0.0048
uniprot,MutationTaster,1333,Label,MutationTaster_rankscore,rankscore,0.31733,MutationTaster_pred,pred,1333,0,717,967,252,,,0,0,0.776,0.586,0.19,0.8907,0.8044,0.0863
uniprot,MetaSVM,1333,Label,MetaSVM_rankscore,rankscore,0.82257,MetaSVM_pred,pred,1333,0,600,599,1,,,0,0,0.6397,0.6413,-0.0016,0.8085,0.8092,-0.0007
uniprot,MetaLR,1333,Label,MetaLR_rankscore,rankscore,0.81101,MetaLR_pred,pred,1333,0,617,615,2,,,0,0,0.6218,0.622,-0.0002,0.8025,0.8022,0.0003
uniprot,MetaRNN,1333,Label,MetaRNN_rankscore,rankscore,0.6149,MetaRNN_pred,pred,1333,0,845,715,130,,,0,0,0.6014,0.6614,-0.06,0.8138,0.8354,-0.0216
uniprot,M-CAP,1333,Label,M-CAP_rankscore,rankscore,0.5,M-CAP_pred,pred,1333,0,915,896,19,,,0,0,0.5602,0.5583,0.0019,0.7967,0.7962,0.0005
uniprot,REVEL,1333,Label,REVEL_rankscore,rankscore,0.5,REVEL_pred,pred,1333,0,640,852,212,REVEL_score,0.5,1333,0,0.7154,0.6829,0.0325,0.8543,0.8483,0.006
uniprot,MutPred2,1333,Label,MutPred2_rankscore,rankscore,0.5,MutPred2_pred,pred+threshold_fallback,971,362,449,831,20,,,0,0,0.5196,0.508,0.0116,0.7769,0.7732,0.0037
uniprot,MVP,1333,Label,MVP_rankscore,rankscore,0.5,MVP_pred,pred,1333,0,715,950,235,MVP_score,0.75,1333,0,0.6404,0.5497,0.0907,0.8252,0.7918,0.0334
uniprot,gMVP,1333,Label,gMVP_rankscore,rankscore,0.5,gMVP_pred,pred,1333,0,880,878,2,gMVP_score,0.5,1333,0,0.5722,0.5748,-0.0026,0.8018,0.8029,-0.0011
uniprot,MisFit_D,1333,Label,MisFit_D_rankscore,rankscore,0.5,MisFit_D_pred_lenient,pred,1333,0,789,799,10,,,0,0,0.4701,0.4715,-0.0014,0.7529,0.7546,-0.0017
uniprot,MPC,1333,Label,MPC_rankscore,rankscore,0.5,MPC_pred,pred,1333,0,107,727,620,MPC_score,2.0,1333,0,0.2082,0.4516,-0.2434,0.2361,0.7362,-0.5001
uniprot,PrimateAI,1333,Label,PrimateAI_rankscore,rankscore,0.5,PrimateAI_pred,pred,1333,0,242,641,399,,,0,0,0.2781,0.4135,-0.1354,0.4238,0.7004,-0.2766
uniprot,BayesDel_addAF,1333,Label,BayesDel_addAF_rankscore,rankscore,0.5,BayesDel_addAF_pred,pred,1333,0,672,747,75,,,0,0,0.682,0.6678,0.0142,0.8413,0.8405,0.0008
uniprot,BayesDel_noAF,1333,Label,BayesDel_noAF_rankscore,rankscore,0.5,BayesDel_noAF_pred,pred,1333,0,690,835,145,,,0,0,0.7125,0.6608,0.0517,0.8582,0.8392,0.019
uniprot,ClinPred,1333,Label,ClinPred_rankscore,rankscore,0.5,ClinPred_pred,pred,1333,0,839,688,151,,,0,0,0.4942,0.5203,-0.0261,0.7678,0.7633,0.0045
uniprot,LIST-S2,1333,Label,LIST-S2_rankscore,rankscore,0.5,LIST-S2_pred,pred,1333,0,801,850,49,,,0,0,0.4596,0.4357,0.0239,0.7495,0.7437,0.0058
uniprot,VARITY_R,1333,Label,VARITY_R_rankscore,rankscore,0.5,VARITY_R_pred,pred,1333,0,666,808,142,VARITY_R_score,0.5,1333,0,0.5859,0.5482,0.0377,0.7925,0.7894,0.0031
uniprot,VARITY_ER,1333,Label,VARITY_ER_rankscore,rankscore,0.5,VARITY_ER_pred,pred,1333,0,591,790,199,VARITY_ER_score,0.5,1333,0,0.5606,0.5481,0.0125,0.7649,0.7882,-0.0233
uniprot,AlphaMissense,1333,Label,AlphaMissense_rankscore,rankscore,0.5,AlphaMissense_pred,pred+threshold_fallback,1213,120,556,748,72,,,0,0,0.58,0.5757,0.0043,0.791,0.7975,-0.0065
uniprot,PHACTboost,1333,Label,PHACTboost_rankscore,rankscore,0.5,PHACTboost_pred,pred,1333,0,704,831,127,PHACTboost_score,0.62,1333,0,0.6742,0.6319,0.0423,0.8406,0.8268,0.0138
uniprot,MutFormer,1333,Label,MutFormer_rankscore,rankscore,0.5,MutFormer_pred,pred,1333,0,584,968,384,MutFormer_score,0.8838,1333,0,0.6051,0.5478,0.0573,0.7869,0.7904,-0.0035
uniprot,popEVE,1333,Label,popEVE_converted_rankscore,rankscore,0.5,popEVE_pred,pred,1333,0,63,698,635,,,0,0,0.1741,0.4395,-0.2654,0.1541,0.7254,-0.5713
uniprot,CADD,1333,Label,CADD_raw_rankscore,rankscore,0.5,CADD_pred,pred,1333,0,944,793,151,CADD_phred,20.0,1333,0,0.458,0.5165,-0.0585,0.7575,0.7742,-0.0167
uniprot,DANN,1333,Label,DANN_rankscore,rankscore,0.5,DANN_pred,pred,1333,0,1145,871,274,DANN_score,0.9,1333,0,0.3089,0.4387,-0.1298,0.7098,0.7466,-0.0368
proteingym,SIFT,1472,Label,SIFT_converted_rankscore,rankscore,0.39575,SIFT_pred,pred,1472,0,896,928,32,,,0,0,0.5308,0.5181,0.0127,0.764,0.7588,0.0052
proteingym,SIFT4G,1472,Label,SIFT4G_converted_rankscore,rankscore,0.39575,SIFT4G_pred,pred,1472,0,770,923,153,,,0,0,0.5529,0.532,0.0209,0.7684,0.7649,0.0035
proteingym,Polyphen2_HDIV,1472,Label,Polyphen2_HDIV_rankscore,rankscore,0.38028,Polyphen2_HDIV_pred,pred,1472,0,928,946,48,,,0,0,0.5463,0.561,-0.0147,0.7712,0.7775,-0.0063
proteingym,Polyphen2_HVAR,1472,Label,Polyphen2_HVAR_rankscore,rankscore,0.48762,Polyphen2_HVAR_pred,pred,1472,0,817,820,51,,,0,0,0.6203,0.6278,-0.0075,0.8046,0.8083,-0.0037
proteingym,MutationTaster,1472,Label,MutationTaster_rankscore,rankscore,0.31733,MutationTaster_pred,pred,1472,0,707,1070,365,,,0,0,0.8387,0.5465,0.2922,0.9137,0.7658,0.1479
proteingym,MetaSVM,1472,Label,MetaSVM_rankscore,rankscore,0.82257,MetaSVM_pred,pred,1472,0,733,733,0,,,0,0,0.6366,0.6366,0.0,0.8085,0.8085,0.0
proteingym,MetaLR,1472,Label,MetaLR_rankscore,rankscore,0.81101,MetaLR_pred,pred,1472,0,781,780,1,,,0,0,0.5779,0.5791,-0.0012,0.7818,0.7824,-0.0006
proteingym,MetaRNN,1472,Label,MetaRNN_rankscore,rankscore,0.6149,MetaRNN_pred,pred,1472,0,913,775,138,,,0,0,0.6778,0.7517,-0.0739,0.8303,0.8694,-0.0391
proteingym,M-CAP,1472,Label,M-CAP_rankscore,rankscore,0.5,M-CAP_pred,pred,1472,0,1151,1125,26,,,0,0,0.4246,0.4447,-0.0201,0.7175,0.7257,-0.0082
proteingym,REVEL,1472,Label,REVEL_rankscore,rankscore,0.5,REVEL_pred,pred,1472,0,721,1026,305,REVEL_score,0.5,1472,0,0.7471,0.5657,0.1814,0.8658,0.7762,0.0896
proteingym,MutPred2,1472,Label,MutPred2_rankscore,rankscore,0.5,MutPred2_pred,pred+threshold_fallback,1143,329,523,874,22,,,0,0,0.6548,0.647,0.0078,0.8215,0.8176,0.0039
proteingym,MVP,1472,Label,MVP_rankscore,rankscore,0.5,MVP_pred,pred,1472,0,826,1101,275,MVP_score,0.75,1472,0,0.6401,0.4629,0.1772,0.8144,0.7332,0.0812
proteingym,gMVP,1472,Label,gMVP_rankscore,rankscore,0.5,gMVP_pred,pred,1472,0,947,945,2,gMVP_score,0.5,1472,0,0.6369,0.6389,-0.002,0.8104,0.8114,-0.001
proteingym,MisFit_D,1472,Label,MisFit_D_rankscore,rankscore,0.5,MisFit_D_pred_lenient,pred,1472,0,873,888,15,,,0,0,0.5621,0.5509,0.0112,0.778,0.7731,0.0049
proteingym,MPC,1472,Label,MPC_rankscore,rankscore,0.5,MPC_pred,pred,1472,0,277,884,607,MPC_score,2.0,1472,0,0.4485,0.5581,-0.1096,0.5374,0.7763,-0.2389
proteingym,PrimateAI,1472,Label,PrimateAI_rankscore,rankscore,0.5,PrimateAI_pred,pred,1472,0,419,808,389,,,0,0,0.4616,0.5184,-0.0568,0.6306,0.7541,-0.1235
proteingym,BayesDel_addAF,1472,Label,BayesDel_addAF_rankscore,rankscore,0.5,BayesDel_addAF_pred,pred,1472,0,786,892,106,,,0,0,0.7551,0.6776,0.0775,0.8711,0.8312,0.0399
proteingym,BayesDel_noAF,1472,Label,BayesDel_noAF_rankscore,rankscore,0.5,BayesDel_noAF_pred,pred,1472,0,773,977,204,,,0,0,0.7186,0.5975,0.1211,0.8526,0.792,0.0606
proteingym,ClinPred,1472,Label,ClinPred_rankscore,rankscore,0.5,ClinPred_pred,pred,1472,0,894,753,141,,,0,0,0.6615,0.7319,-0.0704,0.8238,0.8589,-0.0351
proteingym,LIST-S2,1472,Label,LIST-S2_rankscore,rankscore,0.5,LIST-S2_pred,pred,1472,0,893,942,49,,,0,0,0.537,0.517,0.02,0.7668,0.7584,0.0084
proteingym,VARITY_R,1472,Label,VARITY_R_rankscore,rankscore,0.5,VARITY_R_pred,pred,1472,0,703,836,133,VARITY_R_score,0.5,1472,0,0.7429,0.7003,0.0426,0.8625,0.8435,0.019
proteingym,VARITY_ER,1472,Label,VARITY_ER_rankscore,rankscore,0.5,VARITY_ER_pred,pred,1472,0,641,826,185,VARITY_ER_score,0.5,1472,0,0.719,0.6841,0.0349,0.8439,0.8358,0.0081
proteingym,AlphaMissense,1472,Label,AlphaMissense_rankscore,rankscore,0.5,AlphaMissense_pred,pred+threshold_fallback,1370,102,628,799,69,,,0,0,0.7303,0.7043,0.026,0.8573,0.8457,0.0116
proteingym,PHACTboost,1472,Label,PHACTboost_rankscore,rankscore,0.5,PHACTboost_pred,pred,1472,0,836,992,156,PHACTboost_score,0.62,1472,0,0.7388,0.6201,0.1187,0.8621,0.8005,0.0616
proteingym,MutFormer,1472,Label,MutFormer_rankscore,rankscore,0.5,MutFormer_pred,pred,1472,0,732,1294,562,MutFormer_score,0.8838,1472,0,0.5942,0.3065,0.2877,0.7863,0.6755,0.1108
proteingym,popEVE,1472,Label,popEVE_converted_rankscore,rankscore,0.5,popEVE_pred,pred,1472,0,183,816,633,,,0,0,0.3822,0.5583,-0.1761,0.4117,0.7742,-0.3625
proteingym,CADD,1472,Label,CADD_raw_rankscore,rankscore,0.5,CADD_pred,pred,1472,0,1048,892,156,CADD_phred,20.0,1472,0,0.5438,0.6414,-0.0976,0.7663,0.8146,-0.0483
proteingym,DANN,1472,Label,DANN_rankscore,rankscore,0.5,DANN_pred,pred,1472,0,1221,915,306,DANN_score,0.9,1472,0,0.3938,0.5435,-0.1497,0.7036,0.77,-0.0664
