Seed,Best_Iteration,Val_MCC,Val_AUROC,Val_AUPRC,test_MCC,test_AUROC,test_AUPRC,clinvarhq_MCC,clinvarhq_AUROC,clinvarhq_AUPRC,uniprot_MCC,uniprot_AUROC,uniprot_AUPRC,proteingym_MCC,proteingym_AUROC,proteingym_AUPRC
23,214,0.7677,0.9688,0.8977,0.768,0.9644,0.9208,0.8533,0.9867,0.9874,0.4017,0.7743,0.7494,0.5569,0.8998,0.8742
28,217,0.7676,0.9683,0.8981,0.7796,0.9657,0.924,0.8665,0.9862,0.9868,0.4282,0.7742,0.7567,0.5923,0.904,0.8794
31,200,0.7663,0.9688,0.8958,0.7766,0.9649,0.9235,0.8757,0.9877,0.9882,0.4498,0.7746,0.7629,0.5784,0.9043,0.8838
18,196,0.7661,0.9683,0.894,0.7799,0.9645,0.9206,0.8702,0.987,0.9873,0.4306,0.7745,0.7542,0.5611,0.8969,0.8706
19,208,0.7661,0.969,0.897,0.7683,0.964,0.9198,0.8584,0.9862,0.9869,0.4181,0.7738,0.7466,0.5482,0.8998,0.8743
15,166,0.7652,0.9681,0.896,0.7805,0.9643,0.9221,0.8615,0.9854,0.9863,0.4319,0.7751,0.7519,0.5657,0.9001,0.8759
16,200,0.7646,0.9685,0.8962,0.7831,0.965,0.9225,0.8729,0.9849,0.986,0.4175,0.7735,0.7506,0.5845,0.9019,0.8732
20,174,0.7644,0.9683,0.8957,0.7757,0.9646,0.9215,0.8672,0.9866,0.9876,0.4163,0.7713,0.7475,0.5625,0.9023,0.8785
6,200,0.7641,0.9687,0.897,0.7767,0.9641,0.9208,0.8672,0.9872,0.988,0.4343,0.7713,0.7503,0.559,0.9013,0.8765
24,197,0.7639,0.9692,0.8968,0.7753,0.9651,0.9249,0.8533,0.9852,0.9858,0.4095,0.7732,0.7502,0.5628,0.9016,0.8828
30,212,0.7637,0.9683,0.8933,0.7763,0.9656,0.9244,0.8755,0.986,0.9871,0.4201,0.7728,0.7475,0.587,0.9046,0.8857
3,207,0.7636,0.9688,0.8944,0.7794,0.965,0.9209,0.8643,0.984,0.9848,0.3985,0.7673,0.7429,0.5771,0.9001,0.8721
29,195,0.7632,0.9686,0.8959,0.7839,0.9641,0.9188,0.8755,0.9854,0.9865,0.4247,0.7735,0.7567,0.5745,0.8993,0.8666
4,197,0.7628,0.9685,0.8957,0.7825,0.9654,0.926,0.8729,0.9861,0.9868,0.4309,0.7715,0.7523,0.5731,0.8954,0.8632
27,209,0.7628,0.9687,0.8928,0.7693,0.9653,0.9229,0.8672,0.9874,0.988,0.4311,0.7771,0.7492,0.5678,0.8996,0.8779
14,178,0.7622,0.969,0.8979,0.7863,0.9653,0.9231,0.8618,0.9846,0.9853,0.4491,0.7823,0.7693,0.5742,0.9018,0.8798
22,183,0.7621,0.9684,0.8941,0.7778,0.9651,0.9218,0.8472,0.9851,0.9855,0.4325,0.7742,0.7546,0.5618,0.897,0.8676
13,199,0.7615,0.9684,0.8941,0.7669,0.9655,0.9241,0.8476,0.9867,0.9875,0.4285,0.7752,0.7508,0.5603,0.899,0.8679
10,163,0.7614,0.9688,0.8949,0.7771,0.9659,0.9238,0.8896,0.9871,0.988,0.4254,0.7737,0.7509,0.5649,0.9032,0.8818
7,204,0.7614,0.9686,0.895,0.7765,0.9646,0.9219,0.8789,0.9866,0.9875,0.4086,0.7732,0.7499,0.5724,0.9004,0.8704
17,190,0.7608,0.9683,0.893,0.7748,0.9651,0.9206,0.8645,0.9865,0.9878,0.44,0.775,0.7526,0.5664,0.9009,0.8721
2,235,0.7601,0.9682,0.895,0.7767,0.9646,0.9224,0.881,0.9866,0.9872,0.4333,0.7765,0.7494,0.5717,0.9028,0.8743
21,197,0.76,0.9678,0.8946,0.7746,0.9653,0.9237,0.8582,0.9846,0.9852,0.4137,0.7721,0.7486,0.5745,0.9011,0.8758
5,200,0.7596,0.9684,0.895,0.7835,0.966,0.9247,0.8759,0.988,0.9884,0.4561,0.7769,0.7594,0.5851,0.9024,0.8746
11,170,0.7595,0.9684,0.8963,0.7748,0.9647,0.9227,0.8675,0.987,0.9879,0.4167,0.7755,0.7605,0.5657,0.9033,0.8802
8,198,0.7594,0.968,0.8924,0.7776,0.9649,0.9223,0.862,0.9863,0.9872,0.425,0.7748,0.7595,0.5671,0.8996,0.8739
26,193,0.7588,0.9683,0.896,0.7826,0.965,0.9219,0.8615,0.9858,0.9867,0.4165,0.774,0.749,0.565,0.9041,0.8773
9,164,0.7588,0.9682,0.8954,0.7735,0.9643,0.9203,0.861,0.9865,0.9869,0.4333,0.7741,0.7563,0.5697,0.9005,0.8752
25,198,0.7587,0.9685,0.8955,0.7793,0.9658,0.9238,0.8789,0.9873,0.9881,0.4426,0.7756,0.7491,0.55,0.9005,0.8738
1,189,0.7587,0.9685,0.895,0.7725,0.9639,0.9212,0.8497,0.9842,0.9852,0.4124,0.7701,0.7553,0.5589,0.9009,0.876
0,200,0.7582,0.968,0.895,0.7769,0.9641,0.9211,0.8698,0.9849,0.9854,0.4262,0.7731,0.7529,0.5706,0.8989,0.8767
12,184,0.7572,0.9686,0.8953,0.7742,0.9641,0.922,0.8672,0.9849,0.9858,0.4259,0.776,0.7512,0.5658,0.9006,0.8819
